-- phpMyAdmin SQL Dump
-- version 3.3.9
-- http://www.phpmyadmin.net
--
-- Host: localhost
-- Generation Time: Dec 09, 2014 at 08:07 PM
-- Server version: 5.5.8
-- PHP Version: 5.3.5

SET SQL_MODE="NO_AUTO_VALUE_ON_ZERO";


/*!40101 SET @OLD_CHARACTER_SET_CLIENT=@@CHARACTER_SET_CLIENT */;
/*!40101 SET @OLD_CHARACTER_SET_RESULTS=@@CHARACTER_SET_RESULTS */;
/*!40101 SET @OLD_COLLATION_CONNECTION=@@COLLATION_CONNECTION */;
/*!40101 SET NAMES utf8 */;

--
-- Database: `5a5_a14_mova`
--

-- --------------------------------------------------------

--
-- Table structure for table `activites`
--

DROP TABLE IF EXISTS `activites`;
CREATE TABLE IF NOT EXISTS `activites` (
  `idActivite` int(11) NOT NULL AUTO_INCREMENT,
  `nomActivite` varchar(50) NOT NULL,
  `estOuvrable` tinyint(1) NOT NULL,
  `estConge` tinyint(1) NOT NULL,
  PRIMARY KEY (`idActivite`),
  UNIQUE KEY `nomActivite` (`nomActivite`)
) ENGINE=InnoDB  DEFAULT CHARSET=latin1 AUTO_INCREMENT=20 ;

--
-- Dumping data for table `activites`
--

INSERT INTO `activites` (`idActivite`, `nomActivite`, `estOuvrable`, `estConge`) VALUES
(1, 'Courir à l''extérieur', 1, 1),
(2, 'Faire un sport d''équipe', 1, 1),
(3, 'Faire un sport intérieur', 1, 1),
(4, 'Jouer aux golfe', 1, 1),
(5, 'Aller se muscler', 1, 1),
(6, 'Aller à l''école', 1, 0),
(7, 'Aller travailler', 1, 0),
(8, 'Aller à l''aventure', 1, 1),
(9, 'Aller chez le dentiste', 1, 1),
(10, 'Faire l''épicerie', 1, 1),
(11, 'Aller manger', 1, 1),
(12, 'Aller à un rendez-vous', 1, 1),
(13, 'Aller fêter', 0, 1),
(14, 'Aller au cinéma', 1, 1),
(15, 'Aller à la plage', 1, 1),
(16, 'Jouer aux jeux vidéo', 1, 1);

-- --------------------------------------------------------

--
-- Table structure for table `activitesmoments`
--

DROP TABLE IF EXISTS `activitesmoments`;
CREATE TABLE IF NOT EXISTS `activitesmoments` (
  `idActiviteMoment` int(11) NOT NULL AUTO_INCREMENT,
  `idActivite` int(11) NOT NULL,
  `idMoment` int(11) NOT NULL,
  PRIMARY KEY (`idActiviteMoment`),
  KEY `ActivitiesMoments_Moments_FK` (`idMoment`),
  KEY `ActivitesMoments_Activites_FK` (`idActivite`)
) ENGINE=InnoDB  DEFAULT CHARSET=latin1 AUTO_INCREMENT=53 ;

--
-- Dumping data for table `activitesmoments`
--

INSERT INTO `activitesmoments` (`idActiviteMoment`, `idActivite`, `idMoment`) VALUES
(1, 1, 1),
(2, 1, 2),
(3, 1, 3),
(4, 1, 4),
(5, 2, 1),
(6, 2, 2),
(7, 2, 3),
(8, 2, 4),
(9, 3, 1),
(10, 3, 2),
(11, 3, 3),
(12, 3, 4),
(13, 4, 1),
(14, 4, 2),
(15, 5, 1),
(16, 5, 2),
(17, 5, 3),
(18, 5, 4),
(19, 6, 1),
(20, 6, 2),
(21, 7, 1),
(22, 7, 2),
(23, 7, 3),
(24, 7, 4),
(25, 12, 1),
(26, 12, 2),
(27, 12, 3),
(28, 13, 3),
(29, 13, 4),
(30, 14, 2),
(31, 14, 3),
(32, 16, 1),
(33, 16, 2),
(34, 16, 3),
(35, 16, 4),
(36, 15, 1),
(37, 15, 2),
(38, 8, 1),
(39, 8, 2),
(40, 8, 3),
(41, 8, 4),
(42, 9, 1),
(43, 9, 2),
(44, 9, 3),
(45, 10, 1),
(46, 10, 2),
(47, 10, 3),
(48, 10, 4),
(49, 11, 1),
(50, 11, 2),
(51, 11, 3),
(52, 11, 4);

-- --------------------------------------------------------

--
-- Table structure for table `activitesvetements`
--

DROP TABLE IF EXISTS `activitesvetements`;
CREATE TABLE IF NOT EXISTS `activitesvetements` (
  `idActiviteVetement` int(11) NOT NULL AUTO_INCREMENT,
  `idVetement` int(11) NOT NULL,
  `idActivite` int(11) NOT NULL,
  PRIMARY KEY (`idActiviteVetement`),
  KEY `ActivitesVetements_Vetements_FK` (`idVetement`),
  KEY `ActivitesVetements_Activities_FK` (`idActivite`)
) ENGINE=InnoDB  DEFAULT CHARSET=latin1 AUTO_INCREMENT=1198 ;

--
-- Dumping data for table `activitesvetements`
--

INSERT INTO `activitesvetements` (`idActiviteVetement`, `idVetement`, `idActivite`) VALUES
(1, 1, 1),
(2, 1, 2),
(3, 1, 3),
(4, 1, 5),
(5, 2, 1),
(6, 2, 2),
(7, 2, 3),
(8, 2, 5),
(9, 3, 1),
(10, 3, 2),
(11, 3, 3),
(12, 3, 8),
(13, 3, 5),
(14, 3, 10),
(15, 3, 14),
(16, 3, 6),
(17, 3, 13),
(18, 4, 2),
(19, 4, 4),
(20, 4, 6),
(21, 4, 7),
(22, 4, 10),
(23, 4, 14),
(24, 4, 12),
(25, 4, 13),
(26, 5, 6),
(27, 5, 10),
(28, 5, 14),
(29, 5, 13),
(30, 5, 16),
(31, 6, 6),
(32, 6, 10),
(33, 6, 13),
(34, 6, 16),
(35, 7, 6),
(36, 7, 10),
(37, 7, 14),
(38, 7, 12),
(39, 7, 13),
(40, 7, 11),
(41, 8, 6),
(42, 8, 10),
(43, 8, 14),
(44, 8, 12),
(45, 8, 13),
(46, 8, 11),
(47, 8, 16),
(48, 9, 6),
(49, 9, 10),
(50, 9, 14),
(51, 9, 12),
(52, 9, 13),
(53, 9, 11),
(54, 9, 16),
(55, 9, 15),
(56, 10, 6),
(57, 10, 10),
(58, 10, 14),
(59, 10, 13),
(60, 10, 5),
(61, 10, 8),
(62, 10, 11),
(63, 10, 16),
(64, 10, 15),
(65, 11, 1),
(66, 11, 6),
(67, 11, 10),
(68, 11, 14),
(69, 11, 12),
(70, 11, 13),
(71, 11, 8),
(72, 11, 11),
(73, 11, 15),
(74, 12, 6),
(75, 12, 7),
(76, 12, 10),
(77, 12, 12),
(78, 12, 8),
(79, 12, 15),
(80, 13, 1),
(81, 13, 2),
(82, 13, 4),
(83, 13, 6),
(84, 13, 7),
(85, 13, 10),
(86, 13, 14),
(87, 13, 12),
(88, 13, 13),
(89, 13, 5),
(90, 13, 8),
(91, 13, 11),
(92, 13, 3),
(93, 13, 16),
(94, 14, 1),
(95, 14, 2),
(96, 14, 6),
(97, 14, 10),
(98, 14, 5),
(99, 14, 8),
(100, 14, 16),
(101, 15, 1),
(102, 15, 2),
(103, 15, 6),
(104, 15, 10),
(105, 15, 14),
(106, 15, 5),
(107, 15, 8),
(108, 15, 3),
(109, 15, 16),
(110, 16, 1),
(111, 16, 2),
(112, 16, 6),
(113, 16, 10),
(114, 16, 14),
(115, 16, 13),
(116, 16, 5),
(117, 16, 8),
(118, 16, 3),
(119, 16, 16),
(120, 16, 15),
(121, 17, 6),
(122, 17, 7),
(123, 17, 10),
(124, 17, 14),
(125, 17, 12),
(126, 17, 13),
(127, 17, 11),
(128, 17, 16),
(129, 18, 6),
(130, 18, 7),
(131, 18, 10),
(132, 18, 14),
(133, 18, 12),
(134, 18, 13),
(135, 18, 11),
(136, 18, 16),
(137, 19, 4),
(138, 19, 6),
(139, 19, 7),
(140, 19, 10),
(141, 19, 14),
(142, 19, 8),
(143, 20, 4),
(144, 20, 6),
(145, 20, 7),
(146, 20, 10),
(147, 20, 14),
(148, 20, 8),
(149, 21, 2),
(150, 21, 6),
(151, 21, 10),
(152, 21, 13),
(153, 21, 8),
(154, 21, 3),
(155, 21, 16),
(156, 21, 15),
(157, 22, 7),
(158, 22, 12),
(159, 22, 13),
(160, 23, 4),
(161, 23, 6),
(162, 23, 7),
(163, 23, 10),
(164, 23, 14),
(165, 23, 12),
(166, 23, 13),
(167, 23, 16),
(168, 23, 15),
(169, 25, 1),
(170, 25, 2),
(171, 25, 5),
(172, 25, 8),
(173, 25, 3),
(174, 25, 15),
(175, 26, 2),
(176, 26, 6),
(177, 26, 10),
(178, 26, 14),
(179, 26, 5),
(180, 26, 8),
(181, 26, 3),
(182, 26, 16),
(183, 27, 6),
(184, 27, 7),
(185, 27, 10),
(186, 27, 14),
(187, 27, 8),
(188, 27, 11),
(189, 28, 6),
(190, 28, 10),
(191, 28, 14),
(192, 28, 12),
(193, 28, 8),
(194, 28, 15),
(195, 29, 1),
(196, 29, 2),
(197, 29, 6),
(198, 29, 10),
(199, 29, 14),
(200, 29, 5),
(201, 29, 8),
(202, 29, 3),
(203, 30, 6),
(204, 30, 8),
(205, 30, 16),
(206, 31, 6),
(207, 31, 16),
(208, 32, 6),
(209, 32, 7),
(210, 32, 9),
(211, 32, 8),
(212, 32, 10),
(213, 32, 11),
(214, 32, 14),
(215, 32, 16),
(216, 33, 6),
(217, 33, 7),
(218, 33, 9),
(219, 33, 10),
(220, 33, 11),
(221, 33, 14),
(222, 33, 16),
(223, 33, 13),
(224, 34, 6),
(225, 34, 7),
(226, 34, 9),
(227, 34, 10),
(228, 34, 11),
(229, 34, 14),
(230, 34, 16),
(231, 34, 13),
(232, 35, 6),
(233, 35, 7),
(234, 35, 9),
(235, 35, 10),
(236, 35, 11),
(237, 35, 14),
(238, 35, 16),
(239, 35, 13),
(240, 36, 7),
(241, 37, 7),
(242, 37, 6),
(243, 37, 8),
(244, 37, 10),
(245, 38, 7),
(246, 38, 6),
(247, 38, 8),
(248, 38, 10),
(249, 38, 9),
(250, 38, 11),
(251, 38, 12),
(252, 38, 13),
(253, 38, 14),
(254, 38, 16),
(255, 39, 7),
(256, 39, 6),
(257, 39, 8),
(258, 39, 9),
(259, 39, 11),
(260, 39, 12),
(261, 39, 13),
(262, 39, 14),
(263, 40, 4),
(264, 41, 4),
(265, 42, 7),
(266, 42, 9),
(267, 42, 11),
(268, 42, 12),
(269, 43, 7),
(270, 43, 9),
(271, 43, 11),
(272, 43, 12),
(273, 43, 16),
(274, 43, 14),
(275, 44, 5),
(276, 44, 3),
(277, 44, 1),
(278, 45, 7),
(279, 45, 9),
(280, 45, 10),
(281, 45, 11),
(282, 45, 12),
(283, 47, 1),
(284, 47, 2),
(285, 47, 3),
(286, 47, 5),
(287, 47, 6),
(288, 47, 15),
(289, 47, 16),
(290, 48, 14),
(291, 48, 12),
(292, 48, 11),
(293, 48, 10),
(294, 48, 9),
(295, 48, 6),
(296, 48, 13),
(297, 49, 14),
(298, 49, 12),
(299, 49, 11),
(300, 49, 10),
(301, 49, 9),
(302, 49, 6),
(303, 49, 13),
(304, 50, 14),
(305, 50, 12),
(306, 50, 11),
(307, 50, 10),
(308, 50, 9),
(309, 50, 6),
(310, 50, 13),
(311, 51, 14),
(312, 51, 12),
(313, 51, 11),
(314, 51, 10),
(315, 51, 9),
(316, 51, 6),
(317, 51, 13),
(318, 52, 8),
(319, 52, 1),
(320, 53, 6),
(321, 53, 7),
(322, 53, 9),
(323, 53, 10),
(324, 53, 11),
(325, 53, 12),
(326, 53, 13),
(327, 53, 14),
(328, 53, 16),
(329, 55, 6),
(330, 55, 7),
(331, 55, 9),
(332, 55, 10),
(333, 55, 11),
(334, 55, 12),
(335, 55, 14),
(336, 55, 16),
(337, 56, 6),
(338, 56, 7),
(339, 56, 9),
(340, 56, 10),
(341, 56, 11),
(342, 56, 12),
(343, 56, 14),
(344, 56, 16),
(345, 57, 6),
(346, 57, 7),
(347, 57, 9),
(348, 57, 10),
(349, 57, 11),
(350, 57, 12),
(351, 57, 14),
(352, 57, 16),
(353, 57, 13),
(354, 58, 6),
(355, 58, 7),
(356, 58, 9),
(357, 58, 10),
(358, 58, 11),
(359, 58, 12),
(360, 58, 14),
(361, 58, 16),
(362, 58, 13),
(363, 59, 5),
(364, 59, 6),
(365, 59, 7),
(366, 59, 8),
(367, 59, 16),
(368, 59, 14),
(369, 60, 3),
(370, 60, 6),
(371, 60, 7),
(372, 60, 8),
(373, 60, 9),
(374, 60, 10),
(375, 60, 11),
(376, 60, 14),
(377, 60, 16),
(378, 61, 1),
(379, 61, 2),
(380, 61, 3),
(381, 61, 5),
(382, 62, 1),
(383, 62, 2),
(384, 62, 3),
(385, 62, 5),
(386, 62, 16),
(387, 63, 7),
(388, 63, 6),
(389, 63, 9),
(390, 63, 10),
(391, 63, 11),
(392, 63, 14),
(393, 63, 16),
(394, 64, 6),
(395, 64, 7),
(396, 64, 9),
(397, 64, 10),
(398, 64, 11),
(399, 64, 12),
(400, 64, 14),
(401, 65, 6),
(402, 65, 14),
(403, 65, 16),
(404, 65, 10),
(405, 66, 6),
(406, 66, 7),
(407, 66, 9),
(408, 66, 10),
(409, 66, 11),
(410, 66, 14),
(411, 67, 10),
(412, 67, 8),
(413, 67, 6),
(414, 68, 7),
(415, 68, 9),
(416, 68, 11),
(417, 68, 12),
(418, 69, 13),
(419, 69, 12),
(420, 69, 6),
(421, 69, 7),
(422, 70, 8),
(423, 71, 6),
(424, 71, 7),
(425, 71, 8),
(426, 71, 9),
(427, 71, 10),
(428, 71, 11),
(429, 71, 12),
(430, 71, 13),
(431, 71, 14),
(432, 72, 6),
(433, 72, 7),
(434, 72, 9),
(435, 72, 10),
(436, 72, 11),
(437, 72, 12),
(438, 72, 13),
(439, 72, 14),
(440, 73, 6),
(441, 73, 8),
(442, 73, 7),
(443, 73, 9),
(444, 73, 10),
(445, 73, 12),
(446, 73, 11),
(447, 73, 13),
(448, 73, 14),
(449, 73, 16),
(450, 74, 3),
(451, 74, 5),
(452, 74, 2),
(453, 74, 1),
(454, 75, 6),
(455, 75, 7),
(456, 75, 8),
(457, 75, 9),
(458, 75, 10),
(459, 75, 11),
(460, 75, 14),
(461, 75, 16),
(462, 76, 6),
(463, 76, 7),
(464, 76, 8),
(465, 76, 9),
(466, 76, 10),
(467, 76, 11),
(468, 76, 12),
(469, 76, 14),
(470, 76, 16),
(471, 77, 1),
(472, 77, 2),
(473, 77, 3),
(474, 77, 5),
(475, 77, 6),
(476, 77, 8),
(477, 77, 10),
(478, 77, 16),
(479, 77, 14),
(480, 78, 7),
(481, 78, 6),
(482, 78, 9),
(483, 78, 8),
(484, 78, 10),
(485, 78, 11),
(486, 78, 12),
(487, 78, 14),
(488, 78, 16),
(489, 79, 12),
(490, 79, 7),
(491, 79, 9),
(495, 82, 7),
(496, 82, 6),
(497, 82, 9),
(498, 82, 10),
(499, 82, 11),
(500, 82, 12),
(501, 82, 14),
(502, 82, 16),
(503, 83, 6),
(504, 83, 7),
(505, 83, 9),
(506, 83, 10),
(507, 83, 12),
(508, 83, 13),
(509, 83, 14),
(510, 84, 7),
(511, 84, 9),
(512, 84, 12),
(513, 85, 6),
(514, 85, 7),
(515, 85, 8),
(516, 86, 6),
(517, 86, 7),
(518, 86, 1),
(519, 86, 2),
(520, 86, 3),
(521, 86, 4),
(522, 86, 5),
(523, 86, 8),
(524, 86, 9),
(525, 86, 10),
(526, 86, 11),
(527, 86, 12),
(528, 86, 13),
(529, 86, 14),
(530, 86, 15),
(531, 86, 16),
(532, 87, 2),
(533, 87, 3),
(534, 87, 16),
(535, 88, 1),
(536, 88, 2),
(537, 88, 3),
(538, 88, 4),
(539, 88, 5),
(540, 88, 6),
(541, 88, 7),
(542, 88, 8),
(543, 88, 9),
(544, 88, 10),
(545, 88, 11),
(546, 88, 12),
(547, 88, 13),
(548, 88, 14),
(549, 88, 15),
(550, 88, 16),
(551, 89, 9),
(552, 89, 7),
(553, 89, 12),
(554, 90, 6),
(555, 90, 7),
(556, 90, 8),
(557, 90, 9),
(558, 90, 10),
(559, 90, 11),
(560, 90, 12),
(561, 90, 13),
(562, 90, 14),
(563, 90, 16),
(564, 91, 1),
(565, 91, 2),
(566, 91, 3),
(567, 91, 4),
(568, 91, 5),
(569, 91, 6),
(570, 91, 7),
(571, 91, 8),
(572, 91, 9),
(573, 91, 10),
(574, 91, 11),
(575, 91, 12),
(576, 91, 13),
(577, 91, 14),
(578, 91, 16),
(579, 92, 1),
(580, 92, 2),
(581, 92, 3),
(582, 92, 5),
(583, 92, 6),
(584, 92, 10),
(585, 92, 16),
(586, 92, 14),
(587, 93, 7),
(588, 93, 9),
(589, 93, 12),
(595, 96, 13),
(596, 96, 12),
(597, 96, 11),
(598, 96, 9),
(599, 96, 6),
(600, 97, 13),
(601, 97, 12),
(602, 97, 11),
(603, 97, 14),
(604, 97, 6),
(605, 97, 7),
(606, 97, 9),
(607, 98, 6),
(608, 98, 7),
(609, 98, 9),
(610, 98, 10),
(611, 98, 11),
(612, 98, 12),
(613, 98, 13),
(614, 98, 14),
(615, 99, 6),
(616, 99, 7),
(617, 99, 16),
(618, 99, 15),
(619, 99, 13),
(620, 99, 12),
(621, 99, 11),
(622, 99, 10),
(623, 99, 14),
(624, 99, 9),
(625, 99, 8),
(626, 100, 11),
(627, 100, 12),
(628, 100, 13),
(629, 100, 14),
(630, 100, 10),
(631, 100, 9),
(632, 100, 7),
(633, 100, 6),
(634, 100, 4),
(635, 101, 16),
(636, 101, 12),
(637, 101, 13),
(638, 101, 10),
(639, 101, 9),
(640, 101, 8),
(641, 101, 6),
(642, 102, 4),
(643, 102, 7),
(644, 102, 8),
(645, 102, 16),
(646, 102, 15),
(647, 102, 13),
(648, 102, 11),
(649, 102, 12),
(650, 102, 10),
(651, 102, 9),
(652, 102, 14),
(653, 102, 6),
(654, 103, 6),
(655, 103, 7),
(656, 103, 9),
(657, 103, 10),
(658, 103, 11),
(659, 103, 12),
(660, 103, 13),
(661, 103, 14),
(662, 103, 16),
(663, 104, 6),
(664, 104, 8),
(665, 104, 9),
(666, 104, 10),
(667, 104, 11),
(668, 104, 12),
(669, 104, 13),
(670, 104, 14),
(671, 104, 7),
(672, 105, 14),
(673, 105, 13),
(674, 105, 10),
(675, 105, 11),
(676, 105, 9),
(677, 105, 8),
(692, 111, 14),
(693, 111, 13),
(694, 111, 12),
(695, 111, 11),
(696, 111, 10),
(697, 111, 9),
(698, 111, 6),
(699, 111, 7),
(700, 112, 6),
(701, 112, 7),
(702, 112, 9),
(703, 112, 10),
(704, 112, 11),
(705, 112, 12),
(706, 112, 13),
(707, 112, 14),
(708, 112, 16),
(709, 113, 6),
(710, 113, 7),
(711, 113, 8),
(712, 113, 9),
(713, 113, 10),
(714, 113, 11),
(715, 113, 12),
(716, 113, 13),
(717, 113, 14),
(718, 113, 16),
(719, 114, 14),
(720, 114, 16),
(721, 114, 13),
(722, 114, 12),
(723, 114, 11),
(724, 114, 10),
(725, 114, 9),
(726, 114, 7),
(727, 114, 8),
(728, 114, 6),
(729, 115, 1),
(730, 115, 16),
(731, 115, 14),
(732, 115, 13),
(733, 115, 15),
(734, 115, 11),
(735, 115, 10),
(736, 115, 9),
(737, 115, 8),
(738, 115, 6),
(739, 115, 5),
(740, 115, 3),
(741, 115, 2),
(742, 116, 6),
(743, 116, 8),
(744, 116, 16),
(745, 116, 14),
(746, 116, 13),
(747, 116, 11),
(748, 116, 10),
(749, 116, 9),
(750, 117, 6),
(751, 117, 7),
(752, 117, 8),
(753, 117, 9),
(754, 117, 10),
(755, 117, 11),
(756, 117, 12),
(757, 117, 13),
(758, 117, 14),
(759, 117, 16),
(760, 118, 5),
(761, 118, 6),
(762, 118, 7),
(763, 118, 8),
(764, 118, 9),
(765, 118, 10),
(766, 118, 11),
(767, 118, 12),
(768, 118, 13),
(769, 118, 16),
(770, 118, 14),
(771, 119, 1),
(772, 119, 2),
(773, 119, 3),
(774, 119, 16),
(775, 119, 15),
(776, 119, 14),
(777, 119, 13),
(778, 119, 10),
(779, 119, 9),
(780, 119, 8),
(781, 119, 6),
(782, 120, 5),
(783, 120, 1),
(784, 120, 2),
(785, 120, 3),
(786, 120, 14),
(787, 120, 10),
(788, 120, 9),
(789, 120, 8),
(790, 121, 6),
(791, 121, 8),
(792, 121, 9),
(793, 121, 10),
(794, 121, 11),
(795, 121, 12),
(796, 121, 14),
(797, 121, 16),
(798, 122, 15),
(799, 122, 1),
(800, 123, 1),
(801, 123, 15),
(802, 124, 15),
(803, 124, 1),
(804, 125, 1),
(805, 125, 2),
(806, 125, 3),
(807, 125, 4),
(808, 125, 5),
(809, 125, 16),
(810, 125, 14),
(811, 125, 13),
(812, 125, 15),
(813, 125, 10),
(814, 125, 8),
(815, 125, 6),
(816, 126, 1),
(817, 126, 2),
(818, 126, 3),
(819, 126, 4),
(820, 126, 5),
(821, 126, 6),
(822, 126, 8),
(823, 126, 15),
(824, 127, 6),
(825, 127, 7),
(826, 127, 9),
(827, 127, 10),
(828, 127, 11),
(829, 127, 12),
(830, 127, 13),
(831, 127, 14),
(832, 127, 16),
(833, 128, 6),
(834, 128, 8),
(835, 128, 9),
(836, 128, 10),
(837, 128, 11),
(838, 128, 13),
(839, 128, 14),
(840, 129, 7),
(841, 129, 12),
(842, 129, 11),
(843, 129, 14),
(844, 130, 6),
(845, 130, 7),
(846, 130, 8),
(847, 130, 9),
(848, 130, 10),
(849, 130, 11),
(850, 130, 12),
(851, 130, 13),
(852, 130, 14),
(853, 130, 16),
(854, 131, 16),
(855, 131, 15),
(856, 131, 13),
(857, 131, 10),
(858, 131, 9),
(859, 131, 8),
(860, 132, 12),
(861, 132, 11),
(862, 132, 13),
(863, 132, 10),
(864, 132, 9),
(865, 132, 7),
(866, 132, 14),
(867, 133, 1),
(868, 133, 2),
(869, 133, 3),
(870, 133, 4),
(871, 133, 5),
(872, 133, 6),
(873, 133, 8),
(874, 133, 9),
(875, 133, 10),
(876, 133, 11),
(877, 133, 14),
(878, 134, 1),
(879, 134, 2),
(880, 134, 3),
(881, 134, 5),
(882, 134, 14),
(883, 134, 10),
(884, 134, 9),
(885, 134, 8),
(886, 134, 6),
(887, 135, 1),
(888, 135, 3),
(889, 135, 2),
(890, 135, 4),
(891, 135, 5),
(892, 135, 6),
(893, 135, 8),
(894, 135, 10),
(895, 136, 1),
(896, 136, 2),
(897, 136, 3),
(898, 136, 5),
(899, 136, 9),
(900, 136, 16),
(901, 136, 14),
(902, 137, 8),
(903, 137, 9),
(904, 137, 12),
(905, 137, 14),
(906, 137, 7),
(907, 137, 6),
(908, 138, 14),
(909, 138, 13),
(910, 138, 12),
(911, 138, 11),
(912, 138, 10),
(913, 138, 9),
(914, 138, 7),
(915, 139, 14),
(916, 139, 13),
(917, 139, 9),
(918, 139, 8),
(919, 139, 6),
(920, 139, 10),
(921, 140, 1),
(922, 140, 2),
(923, 140, 3),
(924, 140, 5),
(925, 140, 6),
(926, 140, 8),
(927, 140, 9),
(928, 140, 10),
(929, 140, 13),
(930, 140, 15),
(931, 140, 16),
(932, 140, 14),
(933, 141, 1),
(934, 141, 2),
(935, 141, 3),
(936, 141, 5),
(937, 141, 6),
(938, 141, 8),
(939, 141, 16),
(940, 141, 15),
(941, 141, 14),
(942, 141, 13),
(943, 141, 10),
(944, 141, 9),
(945, 142, 16),
(946, 142, 14),
(947, 142, 13),
(948, 142, 12),
(949, 142, 11),
(950, 142, 9),
(951, 142, 1),
(952, 142, 8),
(953, 142, 6),
(954, 142, 10),
(955, 143, 6),
(956, 143, 13),
(957, 143, 14),
(958, 143, 16),
(959, 143, 10),
(960, 143, 9),
(961, 144, 6),
(962, 144, 9),
(963, 144, 10),
(964, 144, 11),
(965, 144, 12),
(966, 144, 13),
(967, 144, 16),
(968, 144, 14),
(969, 145, 16),
(970, 145, 14),
(971, 145, 13),
(972, 145, 12),
(973, 145, 11),
(974, 145, 10),
(975, 145, 9),
(976, 145, 7),
(977, 145, 6),
(978, 145, 8),
(979, 146, 1),
(980, 146, 2),
(981, 146, 3),
(982, 146, 4),
(983, 146, 6),
(984, 146, 9),
(985, 146, 12),
(986, 147, 16),
(987, 147, 14),
(988, 147, 9),
(989, 147, 6),
(990, 148, 6),
(991, 148, 9),
(992, 148, 10),
(993, 148, 11),
(994, 148, 13),
(995, 148, 14),
(996, 148, 16),
(997, 149, 5),
(998, 149, 16),
(999, 149, 14),
(1000, 149, 13),
(1001, 149, 12),
(1002, 149, 11),
(1003, 149, 10),
(1004, 149, 9),
(1005, 149, 8),
(1006, 149, 6),
(1007, 150, 1),
(1008, 150, 2),
(1009, 150, 3),
(1010, 150, 5),
(1011, 150, 6),
(1012, 150, 8),
(1013, 150, 9),
(1014, 150, 10),
(1015, 150, 16),
(1016, 150, 15),
(1017, 151, 16),
(1018, 151, 14),
(1019, 151, 13),
(1020, 151, 11),
(1021, 151, 10),
(1022, 151, 9),
(1023, 151, 8),
(1024, 151, 6),
(1025, 152, 1),
(1026, 152, 2),
(1027, 152, 3),
(1028, 152, 5),
(1029, 153, 16),
(1030, 153, 15),
(1031, 153, 14),
(1032, 153, 13),
(1033, 153, 10),
(1034, 153, 6),
(1035, 154, 1),
(1036, 154, 2),
(1037, 154, 3),
(1038, 154, 5),
(1039, 154, 16),
(1040, 154, 15),
(1041, 154, 14),
(1042, 154, 13),
(1043, 154, 10),
(1044, 154, 8),
(1045, 154, 6),
(1046, 155, 6),
(1047, 155, 9),
(1048, 155, 10),
(1049, 155, 11),
(1050, 155, 13),
(1051, 155, 14),
(1052, 155, 16),
(1053, 156, 1),
(1054, 156, 2),
(1055, 156, 3),
(1056, 156, 5),
(1057, 156, 16),
(1058, 156, 15),
(1059, 156, 10),
(1060, 156, 9),
(1061, 156, 8),
(1062, 156, 6),
(1063, 157, 16),
(1064, 157, 14),
(1065, 157, 13),
(1066, 157, 11),
(1067, 157, 10),
(1068, 157, 9),
(1069, 157, 6),
(1070, 158, 12),
(1071, 158, 13),
(1072, 158, 14),
(1073, 158, 16),
(1074, 158, 11),
(1075, 158, 10),
(1076, 158, 9),
(1077, 158, 7),
(1078, 158, 6),
(1079, 159, 1),
(1080, 159, 6),
(1081, 159, 16),
(1082, 159, 14),
(1083, 159, 10),
(1084, 159, 9),
(1085, 159, 8),
(1086, 160, 7),
(1087, 160, 6),
(1088, 160, 9),
(1089, 160, 10),
(1090, 160, 11),
(1091, 160, 12),
(1092, 160, 13),
(1093, 160, 14),
(1094, 160, 16),
(1095, 161, 14),
(1096, 161, 12),
(1097, 161, 13),
(1098, 161, 8),
(1099, 161, 9),
(1100, 161, 6),
(1101, 162, 6),
(1102, 162, 8),
(1103, 162, 14),
(1104, 162, 13),
(1105, 163, 5),
(1106, 163, 14),
(1107, 163, 12),
(1108, 163, 13),
(1109, 163, 11),
(1110, 163, 10),
(1111, 163, 9),
(1112, 163, 7),
(1113, 163, 8),
(1114, 163, 6),
(1115, 164, 7),
(1116, 164, 8),
(1117, 164, 9),
(1118, 164, 10),
(1119, 164, 11),
(1120, 164, 12),
(1121, 164, 13),
(1122, 164, 14),
(1123, 164, 6),
(1124, 165, 9),
(1125, 165, 11),
(1126, 165, 10),
(1127, 165, 12),
(1128, 165, 14),
(1129, 166, 1),
(1130, 166, 6),
(1131, 166, 8),
(1132, 166, 9),
(1133, 166, 10),
(1134, 167, 6),
(1135, 167, 7),
(1136, 167, 8),
(1137, 167, 14),
(1138, 167, 12),
(1139, 167, 11),
(1140, 167, 9),
(1141, 167, 10),
(1142, 168, 1),
(1143, 168, 7),
(1144, 168, 8),
(1145, 168, 9),
(1146, 168, 10),
(1147, 168, 14),
(1148, 169, 14),
(1149, 169, 10),
(1150, 169, 9),
(1151, 169, 8),
(1152, 169, 6),
(1153, 169, 1),
(1154, 170, 13),
(1155, 170, 12),
(1156, 170, 11),
(1157, 170, 7),
(1158, 170, 6),
(1159, 170, 10),
(1160, 170, 9),
(1161, 170, 14),
(1162, 171, 14),
(1163, 171, 10),
(1164, 171, 9),
(1165, 171, 8),
(1166, 171, 6),
(1167, 171, 1),
(1168, 172, 6),
(1169, 172, 7),
(1170, 172, 8),
(1171, 172, 9),
(1172, 172, 10),
(1173, 172, 11),
(1174, 172, 12),
(1175, 172, 13),
(1176, 172, 14),
(1177, 173, 15),
(1178, 173, 16),
(1179, 173, 14),
(1180, 173, 11),
(1181, 173, 13),
(1182, 173, 9),
(1183, 173, 6),
(1184, 174, 15),
(1185, 174, 6),
(1186, 174, 10),
(1187, 174, 16),
(1188, 174, 13),
(1189, 175, 7),
(1190, 175, 6),
(1191, 175, 9),
(1192, 175, 10),
(1193, 175, 14),
(1194, 175, 13),
(1195, 175, 12),
(1196, 175, 11),
(1197, 175, 16);

-- --------------------------------------------------------

--
-- Table structure for table `couleurs`
--

DROP TABLE IF EXISTS `couleurs`;
CREATE TABLE IF NOT EXISTS `couleurs` (
  `idCouleur` int(11) NOT NULL AUTO_INCREMENT,
  `nomCouleur` varchar(50) NOT NULL,
  PRIMARY KEY (`idCouleur`),
  UNIQUE KEY `nomCouleur` (`nomCouleur`)
) ENGINE=InnoDB  DEFAULT CHARSET=latin1 AUTO_INCREMENT=17 ;

--
-- Dumping data for table `couleurs`
--

INSERT INTO `couleurs` (`idCouleur`, `nomCouleur`) VALUES
(15, 'Argent'),
(11, 'Beige'),
(5, 'Blanc'),
(2, 'Bleu'),
(7, 'Bleu Marin'),
(10, 'Brun'),
(6, 'Gris'),
(3, 'Jaune'),
(13, 'Khaki'),
(12, 'Mauve'),
(4, 'Noir'),
(14, 'Or'),
(9, 'Rose'),
(1, 'Rouge'),
(16, 'Turquoise'),
(8, 'Vert');

-- --------------------------------------------------------

--
-- Table structure for table `ensembles`
--

DROP TABLE IF EXISTS `ensembles`;
CREATE TABLE IF NOT EXISTS `ensembles` (
  `idEnsemble` int(11) NOT NULL AUTO_INCREMENT,
  `nomEnsemble` varchar(50) NOT NULL,
  PRIMARY KEY (`idEnsemble`)
) ENGINE=InnoDB  DEFAULT CHARSET=latin1 AUTO_INCREMENT=20 ;

--
-- Dumping data for table `ensembles`
--


-- --------------------------------------------------------

--
-- Table structure for table `ensemblesvetements`
--

DROP TABLE IF EXISTS `ensemblesvetements`;
CREATE TABLE IF NOT EXISTS `ensemblesvetements` (
  `idEnsembleVetement` int(11) NOT NULL AUTO_INCREMENT,
  `idEnsemble` int(11) NOT NULL,
  `idVetement` int(11) NOT NULL,
  PRIMARY KEY (`idEnsembleVetement`),
  KEY `EnsemblesVetements_Ensembles_FK` (`idEnsemble`),
  KEY `EnsemblesVetements_Vetements_FK` (`idVetement`)
) ENGINE=InnoDB DEFAULT CHARSET=latin1 AUTO_INCREMENT=1 ;

--
-- Dumping data for table `ensemblesvetements`
--


-- --------------------------------------------------------

--
-- Table structure for table `moments`
--

DROP TABLE IF EXISTS `moments`;
CREATE TABLE IF NOT EXISTS `moments` (
  `idMoment` int(11) NOT NULL AUTO_INCREMENT,
  `nomMoment` varchar(40) NOT NULL,
  `heureDebut` time NOT NULL,
  `heureFin` time NOT NULL,
  PRIMARY KEY (`idMoment`),
  UNIQUE KEY `nomMoment` (`nomMoment`)
) ENGINE=InnoDB  DEFAULT CHARSET=latin1 AUTO_INCREMENT=5 ;

--
-- Dumping data for table `moments`
--

INSERT INTO `moments` (`idMoment`, `nomMoment`, `heureDebut`, `heureFin`) VALUES
(1, 'Matin', '04:00:00', '11:59:59'),
(2, 'Après-midi', '12:00:00', '16:59:59'),
(3, 'Soir', '17:00:00', '22:59:59'),
(4, 'Nuit', '23:00:00', '03:59:59');

-- --------------------------------------------------------

--
-- Table structure for table `styles`
--

DROP TABLE IF EXISTS `styles`;
CREATE TABLE IF NOT EXISTS `styles` (
  `idStyle` int(11) NOT NULL AUTO_INCREMENT,
  `nomStyle` varchar(30) NOT NULL,
  PRIMARY KEY (`idStyle`),
  UNIQUE KEY `nomStyle` (`nomStyle`)
) ENGINE=InnoDB  DEFAULT CHARSET=latin1 AUTO_INCREMENT=14 ;

--
-- Dumping data for table `styles`
--

INSERT INTO `styles` (`idStyle`, `nomStyle`) VALUES
(3, 'Gamer'),
(2, 'Gothique'),
(4, 'Hippie'),
(6, 'Propre'),
(5, 'Relaxe'),
(1, 'Sport');

-- --------------------------------------------------------

--
-- Table structure for table `stylesvetements`
--

DROP TABLE IF EXISTS `stylesvetements`;
CREATE TABLE IF NOT EXISTS `stylesvetements` (
  `idStyleVetement` int(11) NOT NULL AUTO_INCREMENT,
  `idStyle` int(11) NOT NULL,
  `idVetement` int(11) NOT NULL,
  PRIMARY KEY (`idStyleVetement`),
  KEY `StylesVetements_Styles_FK` (`idStyle`),
  KEY `StylesVetements_Vetements_FK` (`idVetement`)
) ENGINE=InnoDB  DEFAULT CHARSET=latin1 AUTO_INCREMENT=457 ;

--
-- Dumping data for table `stylesvetements`
--

INSERT INTO `stylesvetements` (`idStyleVetement`, `idStyle`, `idVetement`) VALUES
(1, 1, 1),
(2, 5, 1),
(3, 1, 2),
(4, 5, 2),
(5, 1, 3),
(6, 5, 3),
(7, 3, 3),
(8, 6, 4),
(9, 5, 4),
(10, 3, 5),
(11, 5, 5),
(12, 3, 6),
(13, 5, 6),
(14, 2, 7),
(15, 2, 8),
(16, 3, 8),
(17, 5, 8),
(18, 2, 9),
(19, 4, 10),
(20, 4, 11),
(21, 5, 11),
(22, 4, 12),
(23, 5, 12),
(24, 1, 13),
(25, 2, 13),
(26, 3, 13),
(27, 5, 13),
(28, 1, 14),
(29, 3, 14),
(30, 5, 14),
(31, 1, 15),
(32, 2, 15),
(33, 3, 15),
(34, 1, 16),
(35, 3, 16),
(36, 5, 16),
(37, 6, 17),
(38, 3, 17),
(39, 4, 17),
(40, 5, 17),
(41, 6, 18),
(42, 3, 18),
(43, 4, 18),
(44, 5, 18),
(45, 5, 19),
(46, 5, 20),
(47, 1, 21),
(48, 3, 21),
(49, 4, 21),
(50, 5, 21),
(51, 6, 22),
(52, 6, 24),
(53, 1, 24),
(54, 3, 24),
(55, 5, 23),
(56, 1, 25),
(57, 1, 26),
(58, 3, 26),
(59, 4, 26),
(60, 5, 26),
(61, 1, 27),
(62, 2, 27),
(63, 3, 27),
(64, 5, 27),
(65, 4, 28),
(66, 1, 29),
(67, 2, 29),
(68, 3, 29),
(69, 5, 29),
(70, 3, 30),
(73, 3, 31),
(74, 5, 31),
(77, 3, 32),
(78, 5, 32),
(82, 4, 32),
(83, 3, 33),
(85, 6, 32),
(86, 3, 34),
(88, 6, 34),
(89, 2, 35),
(91, 3, 35),
(93, 5, 36),
(96, 5, 37),
(98, 4, 37),
(100, 6, 38),
(101, 3, 38),
(102, 2, 39),
(104, 1, 40),
(105, 1, 41),
(106, 6, 42),
(107, 3, 43),
(108, 1, 44),
(109, 6, 45),
(111, 1, 47),
(113, 3, 47),
(115, 6, 48),
(117, 6, 49),
(119, 6, 50),
(122, 6, 51),
(125, 1, 52),
(126, 3, 53),
(127, 1, 53),
(128, 5, 53),
(131, 3, 56),
(132, 4, 56),
(133, 5, 56),
(136, 2, 57),
(137, 3, 58),
(139, 5, 58),
(140, 3, 59),
(142, 5, 59),
(145, 5, 60),
(147, 3, 60),
(148, 1, 61),
(150, 1, 62),
(151, 5, 62),
(152, 3, 63),
(153, 2, 63),
(155, 5, 63),
(157, 6, 64),
(159, 5, 65),
(160, 3, 65),
(161, 3, 66),
(162, 4, 66),
(164, 5, 66),
(166, 3, 67),
(168, 6, 67),
(170, 6, 68),
(175, 2, 71),
(176, 2, 72),
(180, 3, 72),
(182, 4, 72),
(184, 6, 72),
(186, 5, 72),
(187, 1, 72),
(190, 2, 73),
(192, 1, 74),
(194, 5, 75),
(195, 3, 75),
(198, 5, 76),
(199, 3, 76),
(201, 3, 77),
(202, 5, 77),
(203, 1, 77),
(206, 3, 78),
(208, 5, 78),
(209, 6, 79),
(211, 5, 82),
(213, 3, 82),
(217, 2, 83),
(219, 6, 84),
(226, 3, 87),
(227, 1, 87),
(228, 5, 87),
(230, 6, 89),
(231, 2, 89),
(232, 3, 90),
(233, 4, 90),
(234, 5, 90),
(236, 3, 91),
(239, 1, 92),
(240, 6, 93),
(243, 6, 96),
(244, 6, 97),
(245, 6, 98),
(246, 5, 99),
(247, 6, 99),
(248, 3, 99),
(249, 6, 100),
(250, 2, 101),
(251, 5, 101),
(252, 3, 101),
(253, 5, 102),
(254, 1, 102),
(255, 3, 102),
(256, 6, 103),
(257, 5, 103),
(258, 3, 103),
(259, 1, 103),
(260, 2, 104),
(261, 1, 104),
(262, 4, 104),
(263, 5, 104),
(264, 5, 105),
(265, 1, 105),
(266, 2, 105),
(274, 6, 111),
(275, 5, 111),
(276, 5, 112),
(277, 4, 112),
(278, 3, 112),
(279, 3, 113),
(280, 5, 113),
(281, 4, 113),
(282, 4, 114),
(283, 6, 114),
(284, 5, 114),
(285, 3, 115),
(286, 2, 115),
(287, 5, 115),
(288, 1, 115),
(289, 4, 116),
(290, 5, 116),
(291, 3, 116),
(292, 5, 117),
(293, 3, 117),
(294, 4, 117),
(295, 2, 117),
(296, 6, 118),
(297, 5, 118),
(298, 3, 118),
(299, 3, 119),
(300, 4, 119),
(301, 5, 119),
(302, 2, 120),
(303, 5, 120),
(304, 1, 120),
(305, 6, 121),
(306, 5, 121),
(307, 2, 122),
(308, 1, 122),
(309, 3, 122),
(310, 4, 122),
(311, 5, 122),
(312, 6, 122),
(313, 3, 123),
(314, 2, 123),
(315, 4, 123),
(316, 6, 123),
(317, 5, 123),
(318, 1, 123),
(319, 3, 124),
(320, 2, 124),
(321, 4, 124),
(322, 6, 124),
(323, 5, 124),
(324, 1, 124),
(325, 4, 125),
(326, 1, 125),
(327, 4, 126),
(328, 1, 126),
(329, 5, 126),
(330, 6, 127),
(331, 5, 128),
(332, 1, 128),
(333, 6, 129),
(334, 5, 129),
(335, 6, 130),
(336, 5, 130),
(337, 2, 130),
(338, 4, 131),
(339, 3, 131),
(340, 5, 131),
(341, 4, 132),
(342, 6, 132),
(343, 6, 133),
(344, 5, 133),
(345, 1, 133),
(346, 1, 134),
(347, 5, 134),
(348, 2, 134),
(349, 5, 135),
(350, 1, 135),
(351, 3, 136),
(352, 5, 136),
(353, 1, 136),
(354, 6, 137),
(355, 5, 137),
(356, 6, 138),
(357, 5, 138),
(358, 5, 139),
(359, 4, 139),
(360, 3, 139),
(361, 4, 140),
(362, 3, 140),
(363, 5, 140),
(364, 5, 141),
(365, 4, 141),
(366, 3, 141),
(367, 5, 142),
(368, 2, 142),
(369, 3, 142),
(370, 1, 142),
(371, 3, 143),
(372, 2, 143),
(373, 4, 143),
(374, 5, 143),
(375, 3, 144),
(376, 6, 144),
(377, 5, 144),
(378, 4, 144),
(379, 2, 145),
(380, 4, 145),
(381, 5, 145),
(382, 1, 146),
(383, 2, 147),
(384, 4, 147),
(385, 5, 147),
(386, 3, 148),
(387, 4, 148),
(388, 5, 148),
(389, 3, 149),
(390, 5, 149),
(391, 4, 149),
(392, 3, 150),
(393, 4, 150),
(394, 5, 150),
(395, 5, 151),
(396, 4, 151),
(397, 1, 152),
(398, 4, 153),
(399, 5, 153),
(400, 4, 154),
(401, 5, 154),
(402, 5, 155),
(403, 4, 155),
(404, 1, 156),
(405, 5, 156),
(406, 5, 157),
(407, 4, 157),
(408, 3, 157),
(409, 5, 158),
(410, 6, 158),
(411, 4, 158),
(412, 2, 158),
(413, 3, 158),
(414, 5, 159),
(415, 1, 159),
(416, 3, 160),
(417, 6, 160),
(418, 5, 160),
(419, 5, 161),
(420, 4, 161),
(421, 2, 161),
(422, 4, 162),
(423, 5, 162),
(424, 3, 162),
(425, 6, 163),
(426, 5, 164),
(427, 6, 164),
(428, 3, 164),
(429, 4, 164),
(430, 5, 165),
(431, 2, 165),
(432, 6, 165),
(433, 1, 166),
(434, 5, 166),
(435, 6, 167),
(436, 5, 167),
(437, 4, 167),
(438, 3, 167),
(439, 2, 168),
(440, 5, 168),
(441, 1, 168),
(442, 1, 169),
(443, 5, 169),
(444, 6, 170),
(445, 1, 171),
(446, 5, 171),
(447, 6, 172),
(448, 6, 173),
(449, 5, 173),
(450, 1, 174),
(451, 5, 174),
(452, 3, 174),
(453, 4, 174),
(454, 6, 175),
(455, 5, 175),
(456, 2, 175);

-- --------------------------------------------------------

--
-- Table structure for table `temperatures`
--

DROP TABLE IF EXISTS `temperatures`;
CREATE TABLE IF NOT EXISTS `temperatures` (
  `idTemperature` int(11) NOT NULL AUTO_INCREMENT,
  `nomClimat` varchar(50) NOT NULL,
  PRIMARY KEY (`idTemperature`),
  UNIQUE KEY `nomClimat` (`nomClimat`)
) ENGINE=InnoDB  DEFAULT CHARSET=latin1 AUTO_INCREMENT=7 ;

--
-- Dumping data for table `temperatures`
--

INSERT INTO `temperatures` (`idTemperature`, `nomClimat`) VALUES
(2, 'Ensoleillé'),
(5, 'Froid'),
(6, 'Neige'),
(1, 'Nuageux'),
(3, 'Pluie'),
(4, 'Venteux');

-- --------------------------------------------------------

--
-- Table structure for table `typesvetements`
--

DROP TABLE IF EXISTS `typesvetements`;
CREATE TABLE IF NOT EXISTS `typesvetements` (
  `idTypeVetement` int(11) NOT NULL AUTO_INCREMENT,
  `nomType` varchar(50) NOT NULL,
  PRIMARY KEY (`idTypeVetement`),
  UNIQUE KEY `nomType` (`nomType`)
) ENGINE=InnoDB  DEFAULT CHARSET=latin1 AUTO_INCREMENT=4 ;

--
-- Dumping data for table `typesvetements`
--

INSERT INTO `typesvetements` (`idTypeVetement`, `nomType`) VALUES
(2, 'Bas'),
(3, 'Chaussures'),
(1, 'Haut');

-- --------------------------------------------------------

--
-- Table structure for table `utilisateurs`
--

DROP TABLE IF EXISTS `utilisateurs`;
CREATE TABLE IF NOT EXISTS `utilisateurs` (
  `idUtilisateur` int(11) NOT NULL AUTO_INCREMENT,
  `prenom` varchar(50) DEFAULT NULL,
  `nom` varchar(50) DEFAULT NULL,
  `nomUtilisateur` varchar(50) NOT NULL,
  `motPasse` varchar(50) NOT NULL,
  `courriel` varchar(75) NOT NULL,
  `sexe` varchar(1) NOT NULL,
  `estAdmin` tinyint(1) NOT NULL,
  PRIMARY KEY (`idUtilisateur`),
  UNIQUE KEY `nomUtilisateur` (`nomUtilisateur`)
) ENGINE=InnoDB  DEFAULT CHARSET=latin1 AUTO_INCREMENT=8 ;

--
-- Dumping data for table `utilisateurs`
--

INSERT INTO `utilisateurs` (`idUtilisateur`, `prenom`, `nom`, `nomUtilisateur`, `motPasse`, `courriel`, `sexe`, `estAdmin`) VALUES
(1, 'David', 'Cantin', 'DavidC', 'admin', 'test@hotmail.com', 'M', 1),
(2, 'Maxime', 'Laramee', 'MaximeL', 'admin', 'test2@hotmail.com', 'M', 1),
(3, 'Alexendre', 'Gordard', 'AlexG', 'admin', 'test3@hotmail.com', 'M', 1),
(4, 'Gabriel', 'Piche-Cloutier', 'GabrielPC', 'admin', 'test4@hotmail.com', 'M', 1),
(5, 'Test', 'Un testeur', 'Test', 'admin', 'test5@hotmail.com', 'M', 1);

-- --------------------------------------------------------

--
-- Table structure for table `utilisateursensembles`
--

DROP TABLE IF EXISTS `utilisateursensembles`;
CREATE TABLE IF NOT EXISTS `utilisateursensembles` (
  `idUtilisateurEnsemble` int(11) NOT NULL AUTO_INCREMENT,
  `idUtilisateur` int(11) NOT NULL,
  `idEnsemble` int(11) NOT NULL,
  `dateCreation` datetime NOT NULL,
  `estFavori` tinyint(1) NOT NULL,
  `estDansGardeRobe` tinyint(1) NOT NULL,
  PRIMARY KEY (`idUtilisateurEnsemble`),
  KEY `UtilisateursEnsembles_Utilisateurs_FK` (`idUtilisateur`),
  KEY `UtilisateursEnsembles_Ensembles_FK` (`idEnsemble`)
) ENGINE=InnoDB  DEFAULT CHARSET=latin1 AUTO_INCREMENT=2 ;

--
-- Dumping data for table `utilisateursensembles`
--


-- --------------------------------------------------------

--
-- Table structure for table `utilisateursvetements`
--

DROP TABLE IF EXISTS `utilisateursvetements`;
CREATE TABLE IF NOT EXISTS `utilisateursvetements` (
  `idUtilisateurVetement` int(11) NOT NULL AUTO_INCREMENT,
  `idUtilisateur` int(11) NOT NULL,
  `idVetement` int(11) NOT NULL,
  PRIMARY KEY (`idUtilisateurVetement`),
  KEY `UtilisateursVetements_Utilisateurs_FK` (`idUtilisateur`),
  KEY `UtilisateursVetements_Vetements_FK` (`idVetement`)
) ENGINE=InnoDB DEFAULT CHARSET=latin1 AUTO_INCREMENT=1 ;

--
-- Dumping data for table `utilisateursvetements`
--


-- --------------------------------------------------------

--
-- Table structure for table `vetements`
--

DROP TABLE IF EXISTS `vetements`;
CREATE TABLE IF NOT EXISTS `vetements` (
  `idVetement` int(11) NOT NULL AUTO_INCREMENT,
  `idTypeVetement` int(11) NOT NULL,
  `idCouleur` int(11) NOT NULL,
  `nomVetement` varchar(100) NOT NULL,
  `imageURL` varchar(255) NOT NULL,
  `prix` float DEFAULT NULL,
  `estHomme` tinyint(1) NOT NULL,
  `estFemme` tinyint(1) NOT NULL,
  PRIMARY KEY (`idVetement`),
  KEY `Vetements_TypesVetements_FK` (`idTypeVetement`),
  KEY `Vetements_Couleurs_FK` (`idCouleur`)
) ENGINE=InnoDB  DEFAULT CHARSET=latin1 AUTO_INCREMENT=176 ;

--
-- Dumping data for table `vetements`
--

INSERT INTO `vetements` (`idVetement`, `idTypeVetement`, `idCouleur`, `nomVetement`, `imageURL`, `prix`, `estHomme`, `estFemme`) VALUES
(1, 2, 4, 'Pantalon d''entraînement Adidas', '420.cstj.qc.ca/gabrielpichecloutier/images_mova/bas/PantalonDEntrainementAdidas.png', 60, 1, 1),
(2, 1, 1, 'Chandail du FC Bayern', '420.cstj.qc.ca/gabrielpichecloutier/images_mova/hauts/ChandailDuFCBayern.png', 50, 1, 1),
(3, 3, 1, 'Chaussures Adidas', '420.cstj.qc.ca/gabrielpichecloutier/images_mova/chaussures/ChaussuresAdidas.png', 70, 1, 1),
(4, 2, 10, 'Pantalon Chino', '420.cstj.qc.ca/gabrielpichecloutier/images_mova/bas/PantalonChino.png', 40, 1, 0),
(5, 1, 9, 'Chandail à manches longues Kirby', '420.cstj.qc.ca/gabrielpichecloutier/images_mova/hauts/ChandailAManchesLonguesKirby.png', 40, 1, 1),
(6, 3, 2, 'Chaussures Mario', '420.cstj.qc.ca/gabrielpichecloutier/images_mova/chaussures/ChaussuresMario.png', 30, 1, 1),
(7, 3, 4, 'Bottes de combat', '420.cstj.qc.ca/gabrielpichecloutier/images_mova/chaussures/BottesDeCombat.png', 50, 1, 1),
(8, 2, 4, 'Jeans cargo', '420.cstj.qc.ca/gabrielpichecloutier/images_mova/bas/JeansCargo.png', 40, 1, 0),
(9, 1, 4, 'Chemise du chagrin', '420.cstj.qc.ca/gabrielpichecloutier/images_mova/hauts/ChemiseDuChagrin.png', 80, 1, 0),
(10, 2, 8, 'Pantalon nomade', '420.cstj.qc.ca/gabrielpichecloutier/images_mova/bas/PantalonNomade.png', 20, 1, 1),
(11, 1, 12, 'Chandail psychédélique', '420.cstj.qc.ca/gabrielpichecloutier/images_mova/hauts/ChandailPsychedelique.png', 10, 1, 1),
(12, 3, 10, 'Sandales Birkenstock', '420.cstj.qc.ca/gabrielpichecloutier/images_mova/chaussures/SandalesBirkenstock.png', 60, 1, 1),
(13, 3, 4, 'Nike Freerun', '420.cstj.qc.ca/gabrielpichecloutier/images_mova/chaussures/NikeFreerun.png', 110, 1, 1),
(14, 1, 12, 'Kangourou Underarmour', '420.cstj.qc.ca/gabrielpichecloutier/images_mova/hauts/KangourouUnderarmour.png', 60, 1, 1),
(15, 2, 4, 'Jogging Underarmour', '420.cstj.qc.ca/gabrielpichecloutier/images_mova/bas/JoggingUnderarmour.png', 40, 1, 1),
(16, 1, 6, 'T-shirt gris', '420.cstj.qc.ca/gabrielpichecloutier/images_mova/hauts/TShirtGris.png', 10, 1, 0),
(17, 1, 12, 'Chandail à manches longues mauve', '420.cstj.qc.ca/gabrielpichecloutier/images_mova/hauts/ChandailAManchesLonguesMauve.png', 30, 1, 1),
(18, 1, 1, 'Chandail à manches longues rouge', '420.cstj.qc.ca/gabrielpichecloutier/images_mova/hauts/ChandailAManchesLonguesRouge.png', 30, 1, 1),
(19, 2, 13, 'Short Khaki', '420.cstj.qc.ca/gabrielpichecloutier/images_mova/bas/ShortKhaki.png', 40, 1, 0),
(20, 2, 6, 'Short Gris', '420.cstj.qc.ca/gabrielpichecloutier/images_mova/bas/ShortGris.png', 40, 1, 0),
(21, 2, 2, 'Short carreauté', '420.cstj.qc.ca/gabrielpichecloutier/images_mova/bas/ShortCarreaute.png', 20, 1, 0),
(22, 3, 4, 'Chaussures Oxford', '420.cstj.qc.ca/gabrielpichecloutier/images_mova/chaussures/ChaussuresOxford.png', 80, 1, 0),
(23, 1, 4, 'Polo rayé', '420.cstj.qc.ca/gabrielpichecloutier/images_mova/hauts/PoloRaye.png', 20, 1, 0),
(24, 1, 6, 'Polo gris', '420.cstj.qc.ca/gabrielpichecloutier/images_mova/hauts/PoloGris.png', 20, 1, 0),
(25, 2, 2, 'Short Nike', '420.cstj.qc.ca/gabrielpichecloutier/images_mova/bas/ShortNike.png', 30, 1, 1),
(26, 2, 6, 'Jogging retroussé', '420.cstj.qc.ca/gabrielpichecloutier/images_mova/bas/JoggingRetrousse.png', 60, 1, 1),
(27, 2, 4, 'Pantalon Cargo Levis Commuter', '420.cstj.qc.ca/gabrielpichecloutier/images_mova/bas/PantalonCargoLevisCommuter.png', 80, 1, 0),
(28, 2, 1, 'Pantalon avec patch', '420.cstj.qc.ca/gabrielpichecloutier/images_mova/bas/PantalonAvecParch.png', 200, 1, 1),
(29, 3, 4, 'Adidas Tech Runner', '420.cstj.qc.ca/gabrielpichecloutier/images_mova/chaussures/AdidasTechRunner.png', 600, 1, 1),
(30, 2, 4, 'Pantalon camouflage', '420.cstj.qc.ca/gabrielpichecloutier/images_mova/bas/PantalonCamouflage.jpg', 35, 1, 0),
(31, 2, 2, 'Jeans 8bit', '420.cstj.qc.ca/gabrielpichecloutier/images_mova/bas/Jeans8bit.jpg', 20, 1, 1),
(32, 2, 2, 'Jeans', '420.cstj.qc.ca/gabrielpichecloutier/images_mova/bas/JeansNormal.jpg', 30, 1, 1),
(33, 2, 9, 'Jeans rose', '420.cstj.qc.ca/gabrielpichecloutier/images_mova/bas/JeansRose.png', 35, 1, 0),
(34, 2, 1, 'Jeans rouge', '420.cstj.qc.ca/gabrielpichecloutier/images_mova/bas/JeansRouge.jpg', 35, 1, 0),
(35, 2, 4, 'Jeans serré', '420.cstj.qc.ca/gabrielpichecloutier/images_mova/bas/JeansSerre.jpg', 45, 1, 0),
(36, 2, 13, 'Levis 513', '420.cstj.qc.ca/gabrielpichecloutier/images_mova/bas/Levis513.jpg', 30, 1, 0),
(37, 2, 8, 'Pantalon à poches', '420.cstj.qc.ca/gabrielpichecloutier/images_mova/bas/PantalonAvecPlusieursPoches.jpg', 20, 1, 0),
(38, 2, 10, 'Pantalon Ck', '420.cstj.qc.ca/gabrielpichecloutier/images_mova/bas/PantalonCk.jpg', 40, 1, 0),
(39, 2, 4, 'Pantalon de cuir', '420.cstj.qc.ca/gabrielpichecloutier/images_mova/bas/PantalonDeCuire.jpg', 70, 1, 0),
(40, 2, 6, 'Pantalon de golf', '420.cstj.qc.ca/gabrielpichecloutier/images_mova/bas/PantalonDeGolf.jpg', 50, 1, 0),
(41, 2, 10, 'Pantalon de golf orange', '420.cstj.qc.ca/gabrielpichecloutier/images_mova/bas/PantalonDeGolfOrange.jpg', 40, 1, 0),
(42, 2, 6, 'Pantalon Gucci', '420.cstj.qc.ca/gabrielpichecloutier/images_mova/bas/PantalonGucci.jpg', 200, 1, 0),
(43, 2, 10, 'Pantalon Metal Gear Solid', '420.cstj.qc.ca/gabrielpichecloutier/images_mova/bas/PantalonMetalGearSolid.png', 45, 1, 0),
(44, 2, 6, 'Pantalon de compression Nike', '420.cstj.qc.ca/gabrielpichecloutier/images_mova/bas/PantalonNikeDeCompression.jpg', 60, 1, 0),
(45, 2, 6, 'Pantalon propre Azad Point', '420.cstj.qc.ca/gabrielpichecloutier/images_mova/bas/PantalonPropreAzadPoint.jpg', 100, 1, 0),
(46, 2, 8, 'Pantalon vert', '420.cstj.qc.ca/gabrielpichecloutier/images_mova/bas/PantalonVert.jpg', 30, 1, 0),
(47, 2, 6, 'Nike5', '420.cstj.qc.ca/gabrielpichecloutier/images_mova/bas/ShortsNike5.jpg', 15, 1, 0),
(48, 3, 2, 'Chassures bateau 1', '420.cstj.qc.ca/gabrielpichecloutier/images_mova/chaussures/chaussuresBateau1.jpg', 70, 1, 0),
(49, 3, 4, 'Chassures bateau 2', '420.cstj.qc.ca/gabrielpichecloutier/images_mova/chaussures/chaussuresBateau2.jpg', 70, 1, 0),
(50, 3, 10, 'Chassures simple', '420.cstj.qc.ca/gabrielpichecloutier/images_mova/chaussures/chaussuresSimple.jpg', 40, 1, 0),
(51, 3, 10, 'Chassures cheville haute', '420.cstj.qc.ca/gabrielpichecloutier/images_mova/chaussures/ChaussuresChevilleHaute.jpg', 80, 1, 0),
(52, 3, 4, 'Chaussures Salomon de randonnée', '420.cstj.qc.ca/gabrielpichecloutier/images_mova/chaussures/ChaussuresDeRandonnee.jpg', 70, 1, 0),
(53, 3, 4, 'Chaussures Adidas Propre', '420.cstj.qc.ca/gabrielpichecloutier/images_mova/chaussures/ChaussuresAdidasPropre.jpg', 65, 1, 0),
(54, 3, 5, 'Chaussures BD', '420.cstj.qc.ca/gabrielpichecloutier/images_mova/chaussures/ChaussuresBD.jpg', 20, 1, 0),
(55, 3, 8, 'NikeCamo', '420.cstj.qc.ca/gabrielpichecloutier/images_mova/chaussures/ChaussuresCamo.jpg', 22, 1, 0),
(56, 3, 1, 'Classic Converse', '420.cstj.qc.ca/gabrielpichecloutier/images_mova/chaussures/ChaussuresConverse.jpg', 40, 1, 0),
(57, 3, 4, 'Chaussures dangereuse', '420.cstj.qc.ca/gabrielpichecloutier/images_mova/chaussures/ChaussuresDangereuse.jpg', 12, 1, 0),
(58, 3, 5, 'DC Fresh', '420.cstj.qc.ca/gabrielpichecloutier/images_mova/chaussures/ChaussuresDC.jpg', 47, 1, 0),
(59, 1, 4, 'Chandail Batman', '420.cstj.qc.ca/gabrielpichecloutier/images_mova/hauts/ChandailBatman.jpg', 15, 1, 0),
(60, 1, 4, 'Chandail BreakingBad', '420.cstj.qc.ca/gabrielpichecloutier/images_mova/hauts/ChandailBreakingBad.jpg', 15, 1, 0),
(61, 1, 4, 'Chandail Hubert', '420.cstj.qc.ca/gabrielpichecloutier/images_mova/hauts/ChandailDeHubert.jpg', 45, 1, 0),
(62, 1, 10, 'Nike Workout', '420.cstj.qc.ca/gabrielpichecloutier/images_mova/hauts/ChandailDentrainement.jpg', 30, 1, 0),
(63, 1, 4, 'Volcome Tye dye', '420.cstj.qc.ca/gabrielpichecloutier/images_mova/hauts/ChandailNoirSale.jpg', 32, 1, 0),
(64, 1, 4, 'Polo rayé Old Navy', '420.cstj.qc.ca/gabrielpichecloutier/images_mova/hauts/ChandailPropre.jpg', 23, 1, 0),
(65, 1, 4, 'Chandail Titanfall', '420.cstj.qc.ca/gabrielpichecloutier/images_mova/hauts/ChandailTitanfall.jpg', 12, 1, 0),
(66, 1, 2, 'Chandail Trop lavé', '420.cstj.qc.ca/gabrielpichecloutier/images_mova/hauts/ChandailTropLave.jpg', 60, 1, 0),
(67, 1, 10, 'Chemise de chasse', '420.cstj.qc.ca/gabrielpichecloutier/images_mova/hauts/ChemiseDeChasse.jpg', 50, 1, 0),
(68, 1, 2, 'Chemise propre', '420.cstj.qc.ca/gabrielpichecloutier/images_mova/hauts/ChemisePropre.jpg', 70, 1, 0),
(69, 1, 16, 'Manteau année 70', '420.cstj.qc.ca/gabrielpichecloutier/images_mova/hauts/ManteauAnnee70.jpg', 100, 1, 0),
(70, 1, 4, 'Manteau de moto', '420.cstj.qc.ca/gabrielpichecloutier/images_mova/hauts/ManteauDeMoto.jpg', 0, 1, 0),
(71, 1, 4, 'Manteau du tueur', '420.cstj.qc.ca/gabrielpichecloutier/images_mova/hauts/ManteauDuTueur.jpg', 69, 1, 0),
(72, 1, 7, 'Manteau Ezio', '420.cstj.qc.ca/gabrielpichecloutier/images_mova/hauts/ManteauEzio.jpg', 110, 1, 0),
(73, 1, 4, 'Manteau du demon', '420.cstj.qc.ca/gabrielpichecloutier/images_mova/hauts/ManteauHeavyMetal.gif', 200, 1, 0),
(74, 1, 7, 'Under armour workout', '420.cstj.qc.ca/gabrielpichecloutier/images_mova/hauts/UnderArmorTightFit.jpg', 44, 1, 0),
(75, 1, 6, 'Veste Gameboy', '420.cstj.qc.ca/gabrielpichecloutier/images_mova/hauts/VesteGameboy.jpg', 77, 1, 0),
(76, 1, 13, 'Veste Halo', '420.cstj.qc.ca/gabrielpichecloutier/images_mova/hauts/VesteHalo.jpg', 55, 1, 0),
(77, 1, 6, 'Nike runner hoodie', '420.cstj.qc.ca/gabrielpichecloutier/images_mova/hauts/VesteNike.jpg', 69, 1, 0),
(78, 1, 4, 'Razer hoodie', '420.cstj.qc.ca/gabrielpichecloutier/images_mova/hauts/VesteRazer.jpg', 69, 1, 0),
(79, 1, 11, 'Veston de travail', '420.cstj.qc.ca/gabrielpichecloutier/images_mova/hauts/VestonDeTravail.jpg', 110, 1, 0),
(82, 3, 1, 'Nike Bowser', '420.cstj.qc.ca/gabrielpichecloutier/images_mova/hauts/ChaussuresBowser.jpg', 59, 1, 0),
(83, 3, 4, 'Monster platforms', '420.cstj.qc.ca/gabrielpichecloutier/images_mova/chaussures/ChaussuresPlatforme.jpg', 49, 1, 0),
(84, 3, 10, 'Soulier à Emmanuel', '420.cstj.qc.ca/gabrielpichecloutier/images_mova/chaussures/ChaussuresPropre2.jpg', 100, 1, 0),
(85, 3, 10, 'Grosses bottes', '420.cstj.qc.ca/gabrielpichecloutier/images_mova/chaussures/GrosseBottes.jpg', 89, 1, 0),
(86, 3, 14, 'Osiris Black and Gold', '420.cstj.qc.ca/gabrielpichecloutier/images_mova/chaussures/OsirisOrEtNoir.jpg', 94, 1, 0),
(87, 3, 4, 'Indoor soccer shoes', '420.cstj.qc.ca/gabrielpichecloutier/images_mova/chaussures/ChaussuresDeSoccerInterieur.jpg', 56, 1, 0),
(88, 3, 5, 'Air Jordan 5', '420.cstj.qc.ca/gabrielpichecloutier/images_mova/chaussures/SoulierAirJordan5.jpg', 210, 1, 0),
(89, 3, 4, 'Chaussures à David', '420.cstj.qc.ca/gabrielpichecloutier/images_mova/chaussures/ChaussuresPropre.jpg', 79, 1, 0),
(90, 3, 1, 'Puma Originals', '420.cstj.qc.ca/gabrielpichecloutier/images_mova/chaussures/ChaussuresPuma.jpg', 45, 1, 0),
(91, 3, 8, 'Nike zelda', '420.cstj.qc.ca/gabrielpichecloutier/images_mova/chaussures/ChaussuresZelda.jpg', 65, 1, 0),
(92, 3, 3, 'Nike free run 6.0', '420.cstj.qc.ca/gabrielpichecloutier/images_mova/chaussures/ChaussuresDeCourse.jpg', 99, 1, 0),
(93, 1, 6, 'Big Boss', '420.cstj.qc.ca/gabrielpichecloutier/images_mova/hauts/VestonPropre.jpg', 215, 1, 0),
(96, 1, 7, 'Paul Smith Blazer', '420.cstj.qc.ca/gabrielpichecloutier/images_mova/hauts/PaulSmithBlazer.jpg', 200, 1, 0),
(97, 1, 6, 'Aspesi Blazer', '420.cstj.qc.ca/gabrielpichecloutier/images_mova/hauts/09-09-2014_aspesi_bobdrydownfilledblazer_navy.jpg', 150, 1, 0),
(98, 1, 6, 'Herringbone Blazer', '420.cstj.qc.ca/gabrielpichecloutier/images_mova/hauts/15-10-2014_beams_plus_3_button_harris_tweed_blazer_greyherringbone_1.jpg', 300, 1, 0),
(99, 1, 1, 'Union shirt', '420.cstj.qc.ca/gabrielpichecloutier/images_mova/hauts/29-10-2014_wtaps_union01shirt_red_1_nm.jpg', 90, 1, 0),
(100, 1, 6, 'Missoni Greymix blazer', '420.cstj.qc.ca/gabrielpichecloutier/images_mova/hauts/07-08-2014_missoni_knittedfairisleblazer_greymix.jpg', 300, 1, 0),
(101, 3, 4, 'Black boots', '420.cstj.qc.ca/gabrielpichecloutier/images_mova/chaussures/11-11-2014_fracap_m120ripplesolescarponcinoboot_black_jm_2_1.jpg', 80, 1, 0),
(102, 1, 6, 'Polo', '420.cstj.qc.ca/gabrielpichecloutier/images_mova/hauts/24-11-2014_sunspel_rivierapolo_greymelange_1_nm.jpg', 30, 1, 0),
(103, 1, 5, 'Button down stars', '420.cstj.qc.ca/gabrielpichecloutier/images_mova/hauts/04-11-2014_sophnet_starprintbuttondownoxfordcheckshirt_sax_1_dl.jpg', 80, 1, 0),
(104, 1, 8, 'Military shirt', '420.cstj.qc.ca/gabrielpichecloutier/images_mova/hauts/30-10-2014_nbhd_militaryshirt_olivedrabzebracamo_1.jpg', 150, 1, 0),
(105, 1, 4, 'Bomber jacket', '420.cstj.qc.ca/gabrielpichecloutier/images_mova/hauts/31-10-2014_sophnet_reversiblel2ablouson_black_1.jpg', 240, 1, 0),
(111, 1, 6, 'Norse Shirt', '420.cstj.qc.ca/gabrielpichecloutier/images_mova/hauts/14-11-2014_norse_projectsantonoxfordoverdyedshirt_charcoalgrey_1_dl.jpg', 135, 1, 0),
(112, 1, 12, 'Colorblock Sweater', '420.cstj.qc.ca/gabrielpichecloutier/images_mova/hauts/24-11-2014_oliverspencer_colourblockcrewneckknit_navy_grey_red_1_nm.jpg', 250, 1, 0),
(113, 1, 1, 'Red Knit', '420.cstj.qc.ca/gabrielpichecloutier/images_mova/hauts/19-11-2014_jamiesons_ofshetlandjacquardhalffairislecrewneckknit_base_1_dl.jpg', 150, 1, 0),
(114, 1, 8, 'Jamiesons ForestGreen Knit', '420.cstj.qc.ca/gabrielpichecloutier/images_mova/hauts/19-11-2014_jamiesons_ofshetlandcrewneckknit_spagnum_jm_1.jpg', 255, 1, 0),
(115, 1, 6, 'Skull T-Shirt', '420.cstj.qc.ca/gabrielpichecloutier/images_mova/hauts/14-11-2014_alexandermcqueen_featherskullprinttee_grey_1_dl.jpg', 30, 1, 0),
(116, 1, 6, 'Our Legacy Jaquard Knit', '420.cstj.qc.ca/gabrielpichecloutier/images_mova/hauts/27-10-2014_ourlegacy_splashjacquardknit_blackgreyplants_jm_1.jpg', 250, 1, 0),
(117, 1, 4, 'Black white-striped sweat', '420.cstj.qc.ca/gabrielpichecloutier/images_mova/hauts/06-06-2014_armor-lux_2915fouesnantrayewoolstripedmarinercrewknit_darkblue_natural_1.jpg', 100, 1, 0),
(118, 1, 5, 'White Black-striped sweat', '420.cstj.qc.ca/gabrielpichecloutier/images_mova/hauts/06-06-2014_armor-lux_2915fouesnantrayewoolstripedmarinercrewknit_natural_darkblue_1.jpg', 100, 1, 0),
(119, 1, 2, 'Blue printed tee', '420.cstj.qc.ca/gabrielpichecloutier/images_mova/hauts/24-11-2014_oliverspencer_boltprinttee_navy_1_dl.jpg', 45, 1, 0),
(120, 2, 5, 'Moncler B/W pants', '420.cstj.qc.ca/gabrielpichecloutier/images_mova/bas/10-09-2014_moncler_xdanholdsworthblackoutsnowpant_white_black_1.jpg', 500, 1, 0),
(121, 1, 1, 'Knit Cardigan', '420.cstj.qc.ca/gabrielpichecloutier/images_mova/hauts/23-07-2014_snsherning_starkcardigan_redechomix_1.jpg', 350, 1, 0),
(122, 2, 4, 'Black swim trunks', '420.cstj.qc.ca/gabrielpichecloutier/images_mova/bas/12-09-2014_saturdays_granttrunks_black_1_1.jpg', 70, 1, 0),
(123, 2, 2, 'White dot trunks', '420.cstj.qc.ca/gabrielpichecloutier/images_mova/bas/13-09-2014_saturdays_colintrunks_white_2.jpg', 45, 1, 0),
(124, 2, 2, 'Blue swim trunks', '420.cstj.qc.ca/gabrielpichecloutier/images_mova/bas/12-09-2014_saturdays_granttrunks_ink_1.jpg', 45, 1, 0),
(125, 2, 3, 'Stussy hippie shorts', '420.cstj.qc.ca/gabrielpichecloutier/images_mova/bas/14-03-2014_stussy_indoshort_brown_2.jpg', 60, 1, 0),
(126, 2, 7, 'Navy print shorts', '420.cstj.qc.ca/gabrielpichecloutier/images_mova/bas/08-07-2014_beauty_youth_alohaprintshort_navy_2.jpg', 35, 1, 0),
(127, 1, 11, 'Tan suede overshirt', '420.cstj.qc.ca/gabrielpichecloutier/images_mova/hauts/03-11-2014_mki_suedeovershirt_tan_sry.jpg', 260, 1, 0),
(128, 1, 7, 'Navy varsity jacket', '420.cstj.qc.ca/gabrielpichecloutier/images_mova/hauts/07-11-2014_goldenbearsportswear_doublestripemeltonwoolvarsityjacket_navy.jpg', 500, 1, 0),
(129, 1, 10, 'Biker leather jacket', '420.cstj.qc.ca/gabrielpichecloutier/images_mova/hauts/11-11-2014_neighborhood_g1jacket_brown_1.jpg', 600, 1, 0),
(130, 3, 5, 'Common Projects Achilles Mid', '420.cstj.qc.ca/gabrielpichecloutier/images_mova/chaussures/12-02-2014_commonprojects_originalachillesmid_white.jpg', 500, 1, 0),
(131, 3, 2, 'Blue boat shoes', '420.cstj.qc.ca/gabrielpichecloutier/images_mova/chaussures/15-01-2014_sperry_topsiderao2eyesuede_blue_d3.jpg', 20, 1, 0),
(132, 3, 11, 'Suede print shoes', '420.cstj.qc.ca/gabrielpichecloutier/images_mova/chaussures/08-04-2014_vanstakahayashi_thderby2lx_sand_3.jpg', 80, 1, 0),
(133, 3, 5, 'MMM White Gats', '420.cstj.qc.ca/gabrielpichecloutier/images_mova/chaussures/mm-shoe-white01_1.jpg', 350, 1, 0),
(134, 3, 4, 'MMM Black Gats', '420.cstj.qc.ca/gabrielpichecloutier/images_mova/chaussures/mm-shoes024.jpg', 400, 1, 0),
(135, 3, 7, 'MMM Blue Gats', '420.cstj.qc.ca/gabrielpichecloutier/images_mova/chaussures/mm-shoe-blue01_1.jpg', 400, 1, 0),
(136, 2, 7, 'AMI sweatpants', '420.cstj.qc.ca/gabrielpichecloutier/images_mova/bas/ami-sweat-pants0001.jpg', 200, 1, 0),
(137, 1, 10, 'Kayne parka brown', '420.cstj.qc.ca/gabrielpichecloutier/images_mova/hauts/kanye_parka_front.jpg', 800, 1, 0),
(138, 2, 11, 'Kanye chinos', '420.cstj.qc.ca/gabrielpichecloutier/images_mova/bas/kanye_jeans_front_ivory.jpg', 170, 1, 0),
(139, 3, 11, 'Designer shoes', '420.cstj.qc.ca/gabrielpichecloutier/images_mova/chaussures/img_8918585.jpg', 900, 1, 0),
(140, 1, 2, 'Acne marble tee', '420.cstj.qc.ca/gabrielpichecloutier/images_mova/hauts/acne-tee-pattern-blue01.jpg', 80, 1, 0),
(141, 1, 16, 'APC Marble tee', '420.cstj.qc.ca/gabrielpichecloutier/images_mova/hauts/apc-tee-pattern-green01.jpg', 90, 1, 0),
(142, 1, 4, 'Adidas hoodie', '420.cstj.qc.ca/gabrielpichecloutier/images_mova/hauts/adidas_hoody_01_copy.jpg', 50, 1, 0),
(143, 1, 4, 'Raf simons tee', '420.cstj.qc.ca/gabrielpichecloutier/images_mova/hauts/raf-platt0001.jpg', 250, 1, 0),
(144, 1, 3, 'Yellow Sweat', '420.cstj.qc.ca/gabrielpichecloutier/images_mova/hauts/stone-sweat-yellow01.jpg', 100, 1, 0),
(145, 1, 4, 'Our Legacy longsleeve', '420.cstj.qc.ca/gabrielpichecloutier/images_mova/hauts/our-legacy-longsleeve-dot_1.jpg', 50, 1, 0),
(146, 1, 4, 'Stussy baseball shirt', '420.cstj.qc.ca/gabrielpichecloutier/images_mova/hauts/stussy-baseball-platt.jpg', 40, 1, 0),
(147, 1, 4, 'Black street crew', '420.cstj.qc.ca/gabrielpichecloutier/images_mova/hauts/palace-ls-black-2.jpg', 50, 1, 0),
(148, 1, 16, 'Acne scribble sweat', '420.cstj.qc.ca/gabrielpichecloutier/images_mova/hauts/acne-sweat-rm.jpg', 300, 1, 0),
(149, 1, 1, 'Christmas sweat', '420.cstj.qc.ca/gabrielpichecloutier/images_mova/hauts/carven-sweat-burgundy.jpg', 180, 1, 0),
(150, 1, 5, 'CdG tee', '420.cstj.qc.ca/gabrielpichecloutier/images_mova/hauts/cdgh-tee-circle-rm.jpg', 40, 1, 0),
(151, 1, 12, 'Gosha sweat', '420.cstj.qc.ca/gabrielpichecloutier/images_mova/hauts/gosha-sweat-purple-02.jpg', 400, 1, 0),
(152, 1, 6, 'Soccer shirt', '420.cstj.qc.ca/gabrielpichecloutier/images_mova/hauts/fcrb-soccer-jersey-rm.jpg', 40, 1, 0),
(153, 1, 5, 'Juyan white print', '420.cstj.qc.ca/gabrielpichecloutier/images_mova/hauts/junya-studs-white.jpg', 0, 1, 0),
(154, 1, 2, 'Trippy tee', '420.cstj.qc.ca/gabrielpichecloutier/images_mova/hauts/pigalle_contrasttee-rm.jpg', 11, 1, 0),
(155, 1, 5, 'Pigalle ombre sweat', '420.cstj.qc.ca/gabrielpichecloutier/images_mova/hauts/pigalle_sweat-rm.jpg', 200, 1, 0),
(156, 1, 8, 'Olive shirt', '420.cstj.qc.ca/gabrielpichecloutier/images_mova/hauts/nuc_ssolive-rm.jpg', 30, 1, 0),
(157, 1, 5, 'White marble LS', '420.cstj.qc.ca/gabrielpichecloutier/images_mova/hauts/2_10_12.jpg', 300, 1, 0),
(158, 1, 4, 'Black marble LS', '420.cstj.qc.ca/gabrielpichecloutier/images_mova/hauts/3_2_17.jpg', 300, 1, 0),
(159, 1, 5, 'Print White hoodie', '420.cstj.qc.ca/gabrielpichecloutier/images_mova/hauts/110_1.jpg', 200, 1, 0),
(160, 1, 4, 'Black Crew photocopy', '420.cstj.qc.ca/gabrielpichecloutier/images_mova/hauts/5_18_1.jpg', 100, 1, 0),
(161, 1, 2, 'APC Jeans jacket', '420.cstj.qc.ca/gabrielpichecloutier/images_mova/hauts/apc-jeans-jacket01.jpg', 100, 1, 0),
(162, 1, 8, 'Camo Jacket', '420.cstj.qc.ca/gabrielpichecloutier/images_mova/hauts/off-jacket-cammo0001.jpg', 1000, 1, 0),
(163, 1, 6, 'Carven Coat', '420.cstj.qc.ca/gabrielpichecloutier/images_mova/hauts/carven-coat-grey.jpg', 800, 1, 0),
(164, 1, 1, 'Casely Hayford Jacket Red', '420.cstj.qc.ca/gabrielpichecloutier/images_mova/hauts/casely-hayford-jacket-red-rm.jpg', 600, 1, 0),
(165, 1, 4, 'black wool topcoat', '420.cstj.qc.ca/gabrielpichecloutier/images_mova/hauts/flat_014.jpg', 500, 1, 0),
(166, 1, 7, 'Navy parka', '420.cstj.qc.ca/gabrielpichecloutier/images_mova/hauts/1_copy_1.jpg', 300, 1, 0),
(167, 1, 7, 'Trippy coat', '420.cstj.qc.ca/gabrielpichecloutier/images_mova/hauts/2_copy_1.jpg', 1000, 1, 0),
(168, 1, 4, 'Black Hazard Parka', '420.cstj.qc.ca/gabrielpichecloutier/images_mova/hauts/105_1.jpg', 150, 1, 0),
(169, 1, 8, 'Green parka', '420.cstj.qc.ca/gabrielpichecloutier/images_mova/hauts/104_1.jpg', 400, 1, 0),
(170, 3, 10, 'Cadet Derby', '420.cstj.qc.ca/gabrielpichecloutier/images_mova/chaussures/14-08-2014_commonprojects_cadetderbyshoe_bordeaux_3.jpg', 400, 1, 0),
(171, 1, 5, 'White parka', '420.cstj.qc.ca/gabrielpichecloutier/images_mova/hauts/02-09-2014_stutterheim_stockholmraincoat_white_1_1.jpg', 400, 1, 0),
(172, 3, 10, 'Grenson tan boots', '420.cstj.qc.ca/gabrielpichecloutier/images_mova/chaussures/07-05-2013_grenson_sharpderbybrougueboot_tan3_1.jpg', 0, 1, 0),
(173, 3, 11, 'birkenstock boston', '420.cstj.qc.ca/gabrielpichecloutier/images_mova/chaussures/05-05-2014_birkenstock_boston_taupe_d1.jpg', 0, 1, 0),
(174, 3, 2, 'Flip-flop bleu', '420.cstj.qc.ca/gabrielpichecloutier/images_mova/chaussures/03-09-2014_adidas_adilette_navy_white_2.jpg', 5, 1, 0),
(175, 2, 4, 'APC new standard', '420.cstj.qc.ca/gabrielpichecloutier/images_mova/bas/apc-jeans-newstand-black001.jpg', 240, 1, 0);

-- --------------------------------------------------------

--
-- Table structure for table `vetementstemperatures`
--

DROP TABLE IF EXISTS `vetementstemperatures`;
CREATE TABLE IF NOT EXISTS `vetementstemperatures` (
  `idVetementTemperature` int(11) NOT NULL AUTO_INCREMENT,
  `idVetement` int(11) NOT NULL,
  `idTemperature` int(11) NOT NULL,
  PRIMARY KEY (`idVetementTemperature`),
  KEY `VetementsTemperatures_Vetements_FK` (`idVetement`),
  KEY `VetementsTemperatures_idTemperature_FK` (`idTemperature`)
) ENGINE=InnoDB  DEFAULT CHARSET=latin1 AUTO_INCREMENT=898 ;

--
-- Dumping data for table `vetementstemperatures`
--

INSERT INTO `vetementstemperatures` (`idVetementTemperature`, `idVetement`, `idTemperature`) VALUES
(1, 1, 3),
(2, 1, 4),
(3, 1, 5),
(4, 1, 6),
(5, 1, 1),
(6, 2, 2),
(7, 3, 3),
(8, 3, 4),
(9, 3, 1),
(10, 4, 3),
(11, 4, 4),
(12, 4, 1),
(13, 4, 6),
(14, 4, 5),
(15, 5, 4),
(16, 5, 1),
(17, 5, 6),
(18, 5, 5),
(19, 6, 4),
(20, 6, 1),
(21, 6, 2),
(22, 7, 3),
(23, 7, 4),
(24, 7, 1),
(25, 7, 6),
(26, 7, 5),
(27, 7, 2),
(28, 8, 3),
(29, 8, 4),
(30, 8, 1),
(31, 8, 6),
(32, 8, 5),
(33, 8, 2),
(34, 9, 3),
(35, 9, 4),
(36, 9, 1),
(37, 9, 6),
(38, 9, 5),
(39, 9, 2),
(40, 10, 4),
(41, 10, 1),
(42, 10, 2),
(43, 11, 3),
(44, 11, 4),
(45, 11, 1),
(46, 11, 2),
(47, 12, 4),
(48, 12, 1),
(49, 12, 2),
(50, 13, 3),
(51, 13, 4),
(52, 13, 1),
(53, 13, 5),
(54, 13, 2),
(55, 14, 3),
(56, 14, 4),
(57, 14, 1),
(58, 14, 6),
(59, 14, 5),
(60, 15, 3),
(61, 15, 4),
(62, 15, 1),
(63, 15, 6),
(64, 15, 5),
(65, 16, 2),
(66, 17, 3),
(67, 17, 4),
(68, 17, 1),
(69, 17, 6),
(70, 17, 5),
(71, 18, 3),
(72, 18, 4),
(73, 18, 1),
(74, 18, 6),
(75, 18, 5),
(76, 20, 1),
(77, 20, 2),
(78, 20, 1),
(79, 20, 2),
(80, 21, 2),
(81, 22, 4),
(82, 22, 1),
(83, 22, 5),
(84, 22, 2),
(85, 23, 1),
(86, 23, 2),
(87, 25, 3),
(88, 25, 4),
(89, 25, 1),
(90, 25, 2),
(91, 26, 3),
(92, 26, 4),
(93, 26, 1),
(94, 26, 6),
(95, 26, 5),
(96, 26, 2),
(97, 27, 3),
(98, 27, 4),
(99, 27, 1),
(100, 27, 6),
(101, 27, 5),
(102, 27, 2),
(103, 28, 3),
(104, 28, 4),
(105, 28, 1),
(106, 28, 6),
(107, 28, 5),
(108, 28, 2),
(109, 29, 3),
(110, 29, 4),
(111, 29, 1),
(112, 29, 6),
(113, 29, 5),
(114, 29, 2),
(115, 30, 3),
(116, 30, 4),
(117, 30, 1),
(118, 30, 6),
(119, 30, 5),
(120, 30, 2),
(121, 31, 3),
(122, 31, 4),
(123, 31, 1),
(124, 31, 6),
(125, 31, 5),
(126, 31, 2),
(127, 32, 3),
(128, 32, 4),
(129, 32, 1),
(130, 32, 6),
(131, 32, 5),
(132, 32, 2),
(133, 33, 3),
(134, 33, 4),
(135, 33, 1),
(136, 33, 6),
(137, 33, 5),
(138, 33, 2),
(139, 34, 3),
(140, 34, 4),
(141, 34, 1),
(142, 34, 6),
(143, 34, 5),
(144, 34, 2),
(145, 35, 3),
(146, 35, 4),
(147, 35, 1),
(148, 35, 6),
(149, 35, 5),
(150, 35, 2),
(151, 36, 3),
(152, 36, 4),
(153, 36, 1),
(154, 36, 6),
(155, 36, 5),
(156, 36, 2),
(157, 37, 3),
(158, 37, 4),
(159, 37, 1),
(160, 37, 6),
(161, 37, 5),
(162, 37, 2),
(163, 38, 3),
(164, 38, 4),
(165, 38, 1),
(166, 38, 6),
(167, 38, 5),
(168, 38, 2),
(169, 39, 3),
(170, 39, 4),
(171, 39, 1),
(172, 39, 6),
(173, 39, 5),
(174, 39, 2),
(175, 40, 3),
(176, 40, 4),
(177, 40, 1),
(178, 40, 5),
(179, 40, 2),
(180, 41, 3),
(181, 41, 4),
(182, 41, 1),
(183, 41, 5),
(184, 41, 2),
(185, 42, 3),
(186, 42, 4),
(187, 42, 1),
(188, 42, 5),
(189, 42, 2),
(190, 42, 6),
(191, 43, 3),
(192, 43, 4),
(193, 43, 1),
(194, 43, 5),
(195, 43, 2),
(196, 43, 6),
(197, 44, 3),
(198, 44, 4),
(199, 44, 1),
(200, 44, 5),
(201, 44, 2),
(202, 44, 6),
(203, 45, 3),
(204, 45, 4),
(205, 45, 1),
(206, 45, 5),
(207, 45, 2),
(208, 45, 6),
(209, 47, 3),
(210, 47, 4),
(211, 47, 1),
(212, 47, 2),
(213, 48, 3),
(214, 48, 4),
(215, 48, 1),
(216, 48, 2),
(217, 49, 3),
(218, 49, 4),
(219, 49, 1),
(220, 49, 2),
(221, 50, 3),
(222, 50, 4),
(223, 50, 1),
(224, 50, 2),
(225, 51, 3),
(226, 51, 4),
(227, 51, 1),
(228, 51, 2),
(229, 51, 5),
(230, 51, 6),
(231, 52, 3),
(232, 52, 4),
(233, 52, 1),
(234, 52, 2),
(235, 52, 5),
(236, 53, 3),
(237, 53, 4),
(238, 53, 1),
(239, 53, 2),
(240, 53, 5),
(241, 55, 3),
(242, 55, 4),
(243, 55, 1),
(244, 55, 2),
(245, 56, 3),
(246, 56, 4),
(247, 56, 1),
(248, 56, 2),
(249, 57, 3),
(250, 57, 4),
(251, 57, 1),
(252, 57, 2),
(253, 57, 5),
(254, 58, 3),
(255, 58, 4),
(256, 58, 1),
(257, 58, 2),
(258, 58, 5),
(259, 59, 2),
(260, 59, 6),
(261, 59, 4),
(262, 59, 3),
(263, 60, 4),
(264, 60, 3),
(265, 60, 1),
(266, 60, 2),
(267, 61, 4),
(268, 61, 3),
(269, 61, 1),
(270, 61, 2),
(271, 62, 2),
(272, 62, 1),
(273, 62, 3),
(274, 62, 4),
(275, 63, 2),
(276, 63, 1),
(277, 63, 3),
(278, 63, 4),
(279, 64, 4),
(280, 64, 3),
(281, 64, 1),
(282, 64, 2),
(283, 65, 2),
(284, 65, 1),
(285, 65, 4),
(286, 65, 3),
(287, 66, 2),
(288, 66, 5),
(289, 66, 1),
(290, 66, 6),
(291, 66, 3),
(292, 66, 4),
(293, 67, 2),
(294, 67, 5),
(295, 67, 6),
(296, 67, 1),
(297, 67, 3),
(298, 67, 4),
(299, 68, 2),
(300, 68, 5),
(301, 68, 6),
(302, 68, 1),
(303, 68, 3),
(304, 68, 4),
(305, 69, 2),
(306, 69, 5),
(307, 69, 6),
(308, 69, 1),
(309, 69, 3),
(310, 69, 4),
(311, 70, 2),
(312, 70, 5),
(313, 70, 6),
(314, 70, 1),
(315, 70, 3),
(316, 70, 4),
(317, 71, 2),
(318, 71, 5),
(319, 71, 6),
(320, 71, 1),
(321, 71, 3),
(322, 71, 4),
(323, 72, 2),
(324, 72, 5),
(325, 72, 6),
(326, 72, 1),
(327, 72, 3),
(328, 72, 4),
(329, 73, 2),
(330, 73, 5),
(331, 73, 6),
(332, 73, 1),
(333, 73, 3),
(334, 73, 4),
(335, 74, 4),
(336, 74, 3),
(337, 74, 1),
(338, 74, 2),
(339, 75, 2),
(340, 75, 5),
(341, 75, 6),
(342, 75, 1),
(343, 75, 3),
(344, 75, 4),
(345, 76, 2),
(346, 76, 5),
(347, 76, 6),
(348, 76, 1),
(349, 76, 3),
(350, 76, 4),
(351, 77, 2),
(352, 77, 5),
(353, 77, 6),
(354, 77, 1),
(355, 77, 3),
(356, 77, 4),
(357, 78, 2),
(358, 78, 5),
(359, 78, 6),
(360, 78, 1),
(361, 78, 3),
(362, 78, 4),
(363, 79, 2),
(364, 79, 5),
(365, 79, 6),
(366, 79, 1),
(367, 79, 3),
(368, 79, 4),
(375, 82, 2),
(376, 82, 5),
(377, 82, 6),
(378, 82, 1),
(379, 82, 3),
(380, 82, 4),
(381, 83, 2),
(382, 83, 5),
(383, 83, 6),
(384, 83, 1),
(385, 83, 3),
(386, 83, 4),
(387, 84, 4),
(388, 84, 1),
(389, 84, 2),
(390, 84, 3),
(391, 85, 6),
(392, 85, 5),
(393, 85, 3),
(394, 86, 2),
(395, 86, 5),
(396, 86, 6),
(397, 86, 1),
(398, 86, 3),
(399, 86, 4),
(400, 87, 4),
(401, 87, 1),
(402, 87, 2),
(403, 88, 2),
(404, 88, 5),
(405, 88, 6),
(406, 88, 1),
(407, 88, 3),
(408, 88, 4),
(409, 89, 4),
(410, 89, 1),
(411, 89, 2),
(412, 90, 2),
(413, 90, 5),
(414, 90, 6),
(415, 90, 1),
(416, 90, 3),
(417, 90, 4),
(418, 91, 2),
(419, 91, 5),
(420, 91, 6),
(421, 91, 1),
(422, 91, 3),
(423, 91, 4),
(424, 92, 1),
(425, 92, 3),
(426, 92, 4),
(427, 92, 2),
(428, 93, 2),
(429, 93, 5),
(430, 93, 6),
(431, 93, 1),
(432, 93, 3),
(433, 93, 4),
(440, 96, 2),
(441, 96, 6),
(442, 96, 5),
(443, 96, 1),
(444, 96, 3),
(445, 96, 4),
(446, 97, 2),
(447, 97, 5),
(448, 97, 6),
(449, 97, 1),
(450, 97, 3),
(451, 97, 4),
(452, 98, 2),
(453, 98, 5),
(454, 98, 1),
(455, 98, 3),
(456, 98, 4),
(457, 99, 2),
(458, 99, 5),
(459, 99, 6),
(460, 99, 1),
(461, 99, 3),
(462, 99, 4),
(463, 100, 2),
(464, 100, 5),
(465, 100, 6),
(466, 100, 1),
(467, 100, 3),
(468, 100, 4),
(469, 101, 2),
(470, 101, 5),
(471, 101, 6),
(472, 101, 1),
(473, 101, 3),
(474, 101, 4),
(475, 102, 2),
(476, 102, 5),
(477, 102, 6),
(478, 102, 1),
(479, 102, 3),
(480, 102, 4),
(481, 103, 2),
(482, 103, 5),
(483, 103, 6),
(484, 103, 1),
(485, 103, 3),
(486, 103, 4),
(487, 104, 2),
(488, 104, 5),
(489, 104, 6),
(490, 104, 1),
(491, 104, 3),
(492, 104, 4),
(493, 105, 5),
(494, 105, 6),
(495, 105, 1),
(496, 105, 4),
(497, 105, 3),
(508, 111, 2),
(509, 111, 5),
(510, 111, 6),
(511, 111, 1),
(512, 111, 3),
(513, 111, 4),
(514, 112, 2),
(515, 112, 5),
(516, 112, 6),
(517, 112, 1),
(518, 112, 3),
(519, 112, 4),
(520, 113, 2),
(521, 113, 5),
(522, 113, 6),
(523, 113, 1),
(524, 113, 3),
(525, 113, 4),
(526, 114, 2),
(527, 114, 5),
(528, 114, 6),
(529, 114, 1),
(530, 114, 3),
(531, 114, 4),
(532, 115, 2),
(533, 115, 5),
(534, 115, 6),
(535, 115, 1),
(536, 115, 3),
(537, 115, 4),
(538, 116, 2),
(539, 116, 5),
(540, 116, 6),
(541, 116, 1),
(542, 116, 3),
(543, 116, 4),
(544, 117, 2),
(545, 117, 5),
(546, 117, 6),
(547, 117, 1),
(548, 117, 3),
(549, 117, 4),
(550, 118, 2),
(551, 118, 5),
(552, 118, 6),
(553, 118, 1),
(554, 118, 3),
(555, 118, 4),
(556, 119, 2),
(557, 119, 5),
(558, 119, 6),
(559, 119, 1),
(560, 119, 3),
(561, 119, 4),
(562, 120, 2),
(563, 120, 5),
(564, 120, 6),
(565, 120, 1),
(566, 120, 3),
(567, 120, 4),
(568, 121, 2),
(569, 121, 5),
(570, 121, 6),
(571, 121, 1),
(572, 121, 3),
(573, 121, 4),
(574, 122, 2),
(575, 122, 5),
(576, 122, 6),
(577, 122, 1),
(578, 122, 3),
(579, 122, 4),
(580, 123, 2),
(581, 123, 5),
(582, 123, 6),
(583, 123, 1),
(584, 123, 3),
(585, 123, 4),
(586, 124, 2),
(587, 124, 5),
(588, 124, 6),
(589, 124, 1),
(590, 124, 3),
(591, 124, 4),
(592, 125, 2),
(593, 125, 5),
(594, 125, 6),
(595, 125, 1),
(596, 125, 3),
(597, 125, 4),
(598, 126, 2),
(599, 126, 5),
(600, 126, 6),
(601, 126, 1),
(602, 126, 3),
(603, 126, 4),
(604, 127, 2),
(605, 127, 5),
(606, 127, 6),
(607, 127, 1),
(608, 127, 3),
(609, 127, 4),
(610, 128, 2),
(611, 128, 5),
(612, 128, 6),
(613, 128, 1),
(614, 128, 3),
(615, 128, 4),
(616, 129, 2),
(617, 129, 5),
(618, 129, 6),
(619, 129, 1),
(620, 129, 3),
(621, 129, 4),
(622, 130, 2),
(623, 130, 5),
(624, 130, 6),
(625, 130, 1),
(626, 130, 3),
(627, 130, 4),
(628, 131, 2),
(629, 131, 5),
(630, 131, 6),
(631, 131, 1),
(632, 131, 3),
(633, 131, 4),
(634, 132, 2),
(635, 132, 5),
(636, 132, 6),
(637, 132, 1),
(638, 132, 3),
(639, 132, 4),
(640, 133, 2),
(641, 133, 5),
(642, 133, 6),
(643, 133, 1),
(644, 133, 3),
(645, 133, 4),
(646, 134, 2),
(647, 134, 5),
(648, 134, 6),
(649, 134, 1),
(650, 134, 3),
(651, 134, 4),
(652, 135, 2),
(653, 135, 5),
(654, 135, 6),
(655, 135, 1),
(656, 135, 3),
(657, 135, 4),
(658, 136, 2),
(659, 136, 5),
(660, 136, 6),
(661, 136, 1),
(662, 136, 3),
(663, 136, 4),
(664, 137, 2),
(665, 137, 5),
(666, 137, 6),
(667, 137, 1),
(668, 137, 3),
(669, 137, 4),
(670, 138, 2),
(671, 138, 5),
(672, 138, 6),
(673, 138, 1),
(674, 138, 3),
(675, 138, 4),
(676, 139, 5),
(677, 139, 2),
(678, 139, 6),
(679, 139, 1),
(680, 139, 3),
(681, 139, 4),
(682, 140, 2),
(683, 140, 5),
(684, 140, 6),
(685, 140, 1),
(686, 140, 3),
(687, 140, 4),
(688, 141, 2),
(689, 141, 5),
(690, 141, 6),
(691, 141, 1),
(692, 141, 3),
(693, 141, 4),
(694, 142, 2),
(695, 142, 5),
(696, 142, 6),
(697, 142, 1),
(698, 142, 3),
(699, 142, 4),
(700, 143, 2),
(701, 143, 5),
(702, 143, 6),
(703, 143, 1),
(704, 143, 3),
(705, 143, 4),
(706, 144, 2),
(707, 144, 5),
(708, 144, 6),
(709, 144, 1),
(710, 144, 3),
(711, 144, 4),
(712, 145, 2),
(713, 145, 5),
(714, 145, 6),
(715, 145, 1),
(716, 145, 3),
(717, 145, 4),
(718, 146, 2),
(719, 146, 5),
(720, 146, 6),
(721, 146, 1),
(722, 146, 3),
(723, 146, 4),
(724, 147, 2),
(725, 147, 5),
(726, 147, 6),
(727, 147, 1),
(728, 147, 3),
(729, 147, 4),
(730, 148, 2),
(731, 148, 5),
(732, 148, 6),
(733, 148, 1),
(734, 148, 3),
(735, 148, 4),
(736, 149, 2),
(737, 149, 5),
(738, 149, 6),
(739, 149, 1),
(740, 149, 3),
(741, 149, 4),
(742, 150, 2),
(743, 150, 5),
(744, 150, 6),
(745, 150, 1),
(746, 150, 3),
(747, 150, 4),
(748, 151, 2),
(749, 151, 3),
(750, 151, 5),
(751, 151, 6),
(752, 151, 1),
(753, 151, 4),
(754, 152, 2),
(755, 152, 5),
(756, 152, 6),
(757, 152, 1),
(758, 152, 3),
(759, 152, 4),
(760, 153, 1),
(761, 153, 2),
(762, 153, 5),
(763, 153, 6),
(764, 153, 3),
(765, 153, 4),
(766, 154, 2),
(767, 154, 5),
(768, 154, 6),
(769, 154, 1),
(770, 154, 3),
(771, 154, 4),
(772, 155, 2),
(773, 155, 5),
(774, 155, 6),
(775, 155, 1),
(776, 155, 3),
(777, 155, 4),
(778, 156, 2),
(779, 156, 5),
(780, 156, 6),
(781, 156, 1),
(782, 156, 3),
(783, 156, 4),
(784, 157, 2),
(785, 157, 5),
(786, 157, 6),
(787, 157, 1),
(788, 157, 3),
(789, 157, 4),
(790, 158, 2),
(791, 158, 5),
(792, 158, 6),
(793, 158, 1),
(794, 158, 3),
(795, 158, 4),
(796, 159, 2),
(797, 159, 5),
(798, 159, 6),
(799, 159, 1),
(800, 159, 3),
(801, 159, 4),
(802, 160, 2),
(803, 160, 5),
(804, 160, 6),
(805, 160, 1),
(806, 160, 3),
(807, 160, 4),
(808, 161, 4),
(809, 161, 2),
(810, 161, 5),
(811, 161, 6),
(812, 161, 1),
(813, 161, 3),
(814, 162, 3),
(815, 162, 2),
(816, 162, 5),
(817, 162, 6),
(818, 162, 1),
(819, 162, 4),
(820, 163, 2),
(821, 163, 5),
(822, 163, 6),
(823, 163, 1),
(824, 163, 3),
(825, 163, 4),
(826, 164, 5),
(827, 164, 6),
(828, 164, 1),
(829, 164, 3),
(830, 164, 4),
(831, 164, 2),
(832, 165, 2),
(833, 165, 5),
(834, 165, 6),
(835, 165, 1),
(836, 165, 3),
(837, 165, 4),
(838, 166, 5),
(839, 166, 2),
(840, 166, 6),
(841, 166, 1),
(842, 166, 3),
(843, 166, 4),
(844, 167, 2),
(845, 167, 5),
(846, 167, 6),
(847, 167, 1),
(848, 167, 3),
(849, 167, 4),
(850, 168, 2),
(851, 168, 5),
(852, 168, 6),
(853, 168, 1),
(854, 168, 3),
(855, 168, 4),
(856, 169, 2),
(857, 169, 5),
(858, 169, 6),
(859, 169, 1),
(860, 169, 3),
(861, 169, 4),
(862, 170, 2),
(863, 170, 5),
(864, 170, 6),
(865, 170, 1),
(866, 170, 3),
(867, 170, 4),
(868, 171, 2),
(869, 171, 5),
(870, 171, 6),
(871, 171, 1),
(872, 171, 3),
(873, 171, 4),
(874, 172, 2),
(875, 172, 5),
(876, 172, 6),
(877, 172, 1),
(878, 172, 3),
(879, 172, 4),
(880, 173, 2),
(881, 173, 5),
(882, 173, 6),
(883, 173, 1),
(884, 173, 3),
(885, 173, 4),
(886, 174, 2),
(887, 174, 5),
(888, 174, 6),
(889, 174, 1),
(890, 174, 3),
(891, 174, 4),
(892, 175, 2),
(893, 175, 5),
(894, 175, 6),
(895, 175, 1),
(896, 175, 3),
(897, 175, 4);

--
-- Constraints for dumped tables
--

--
-- Constraints for table `activitesmoments`
--
ALTER TABLE `activitesmoments`
  ADD CONSTRAINT `ActivitesMoments_Activites_FK` FOREIGN KEY (`idActivite`) REFERENCES `activites` (`idActivite`),
  ADD CONSTRAINT `ActivitiesMoments_Moments_FK` FOREIGN KEY (`idMoment`) REFERENCES `moments` (`idMoment`);

--
-- Constraints for table `activitesvetements`
--
ALTER TABLE `activitesvetements`
  ADD CONSTRAINT `ActivitesVetements_Activities_FK` FOREIGN KEY (`idActivite`) REFERENCES `activites` (`idActivite`),
  ADD CONSTRAINT `ActivitesVetements_Vetements_FK` FOREIGN KEY (`idVetement`) REFERENCES `vetements` (`idVetement`);

--
-- Constraints for table `ensemblesvetements`
--
ALTER TABLE `ensemblesvetements`
  ADD CONSTRAINT `EnsemblesVetements_Vetements_FK` FOREIGN KEY (`idVetement`) REFERENCES `vetements` (`idVetement`),
  ADD CONSTRAINT `EnsemblesVetements_Ensembles_FK` FOREIGN KEY (`idEnsemble`) REFERENCES `ensembles` (`idEnsemble`);

--
-- Constraints for table `stylesvetements`
--
ALTER TABLE `stylesvetements`
  ADD CONSTRAINT `StylesVetements_Vetements_FK` FOREIGN KEY (`idVetement`) REFERENCES `vetements` (`idVetement`),
  ADD CONSTRAINT `StylesVetements_Styles_FK` FOREIGN KEY (`idStyle`) REFERENCES `styles` (`idStyle`);

--
-- Constraints for table `utilisateursensembles`
--
ALTER TABLE `utilisateursensembles`
  ADD CONSTRAINT `UtilisateursEnsembles_Ensembles_FK` FOREIGN KEY (`idEnsemble`) REFERENCES `ensembles` (`idEnsemble`),
  ADD CONSTRAINT `UtilisateursEnsembles_Utilisateurs_FK` FOREIGN KEY (`idUtilisateur`) REFERENCES `utilisateurs` (`idUtilisateur`);

--
-- Constraints for table `utilisateursvetements`
--
ALTER TABLE `utilisateursvetements`
  ADD CONSTRAINT `UtilisateursVetements_Vetements_FK` FOREIGN KEY (`idVetement`) REFERENCES `vetements` (`idVetement`),
  ADD CONSTRAINT `UtilisateursVetements_Utilisateurs_FK` FOREIGN KEY (`idUtilisateur`) REFERENCES `utilisateurs` (`idUtilisateur`);

--
-- Constraints for table `vetements`
--
ALTER TABLE `vetements`
  ADD CONSTRAINT `Vetements_Couleurs_FK` FOREIGN KEY (`idCouleur`) REFERENCES `couleurs` (`idCouleur`),
  ADD CONSTRAINT `Vetements_TypesVetements_FK` FOREIGN KEY (`idTypeVetement`) REFERENCES `typesvetements` (`idTypeVetement`);

--
-- Constraints for table `vetementstemperatures`
--
ALTER TABLE `vetementstemperatures`
  ADD CONSTRAINT `VetementsTemperatures_idTemperature_FK` FOREIGN KEY (`idTemperature`) REFERENCES `temperatures` (`idTemperature`),
  ADD CONSTRAINT `VetementsTemperatures_Vetements_FK` FOREIGN KEY (`idVetement`) REFERENCES `vetements` (`idVetement`);
