-- phpMyAdmin SQL Dump
-- version 3.3.9
-- http://www.phpmyadmin.net
--
-- Serveur: localhost
-- Généré le : Jeu 27 Novembre 2014 à 11:27
-- Version du serveur: 5.5.8
-- Version de PHP: 5.3.5

SET SQL_MODE="NO_AUTO_VALUE_ON_ZERO";


/*!40101 SET @OLD_CHARACTER_SET_CLIENT=@@CHARACTER_SET_CLIENT */;
/*!40101 SET @OLD_CHARACTER_SET_RESULTS=@@CHARACTER_SET_RESULTS */;
/*!40101 SET @OLD_COLLATION_CONNECTION=@@COLLATION_CONNECTION */;
/*!40101 SET NAMES utf8 */;

--
-- Base de données: `5a5_a14_mova`
--

-- --------------------------------------------------------

--
-- Structure de la table `activites`
--

CREATE TABLE IF NOT EXISTS `activites` (
  `idActivite` int(11) NOT NULL AUTO_INCREMENT,
  `nomActivite` varchar(50) NOT NULL,
  `estOuvrable` tinyint(1) NOT NULL,
  `estConge` tinyint(1) NOT NULL,
  PRIMARY KEY (`idActivite`),
  UNIQUE KEY `nomActivite` (`nomActivite`)
) ENGINE=InnoDB  DEFAULT CHARSET=latin1 AUTO_INCREMENT=20 ;

--
-- Contenu de la table `activites`
--

INSERT INTO `activites` (`idActivite`, `nomActivite`, `estOuvrable`, `estConge`) VALUES
(1, 'Courir à l''extérieur', 1, 1),
(2, 'Faire un sport d''équipe', 1, 1),
(3, 'Faire un sport intérieur', 1, 1),
(4, 'Jouer aux golf', 1, 1),
(5, 'Aller se muscler', 1, 1),
(6, 'Aller à l''école', 1, 0),
(7, 'Aller travailler', 1, 0),
(8, 'Aller à l''aventure', 1, 1),
(9, 'Aller chez le dentiste', 1, 1),
(10, 'Faire l''épicerie', 1, 1),
(11, 'Aller manger', 1, 1),
(12, 'Aller à un rendez-vous', 1, 1),
(13, 'Aller fêter', 0, 1),
(14, 'Aller au cinéma', 1, 1),
(15, 'Aller à la plage', 1, 1),
(16, 'Jouer aux jeux vidéo', 1, 1);

-- --------------------------------------------------------

--
-- Structure de la table `activitesmoments`
--

CREATE TABLE IF NOT EXISTS `activitesmoments` (
  `idActiviteMoment` int(11) NOT NULL AUTO_INCREMENT,
  `idActivite` int(11) NOT NULL,
  `idMoment` int(11) NOT NULL,
  PRIMARY KEY (`idActiviteMoment`),
  KEY `ActivitiesMoments_Moments_FK` (`idMoment`),
  KEY `ActivitesMoments_Activites_FK` (`idActivite`)
) ENGINE=InnoDB  DEFAULT CHARSET=latin1 AUTO_INCREMENT=38 ;

--
-- Contenu de la table `activitesmoments`
--

INSERT INTO `activitesmoments` (`idActiviteMoment`, `idActivite`, `idMoment`) VALUES
(1, 1, 1),
(2, 1, 2),
(3, 1, 3),
(4, 1, 4),
(5, 2, 1),
(6, 2, 2),
(7, 2, 3),
(8, 2, 4),
(9, 3, 1),
(10, 3, 2),
(11, 3, 3),
(12, 3, 4),
(13, 4, 1),
(14, 4, 2),
(15, 5, 1),
(16, 5, 2),
(17, 5, 3),
(18, 5, 4),
(19, 6, 1),
(20, 6, 2),
(21, 7, 1),
(22, 7, 2),
(23, 7, 3),
(24, 7, 4),
(25, 12, 1),
(26, 12, 2),
(27, 12, 3),
(28, 13, 3),
(29, 13, 4),
(30, 14, 2),
(31, 14, 3),
(32, 16, 1),
(33, 16, 2),
(34, 16, 3),
(35, 16, 4),
(36, 15, 1),
(37, 15, 2);

-- --------------------------------------------------------

--
-- Structure de la table `activitesvetements`
--

CREATE TABLE IF NOT EXISTS `activitesvetements` (
  `idActiviteVetement` int(11) NOT NULL AUTO_INCREMENT,
  `idVetement` int(11) NOT NULL,
  `idActivite` int(11) NOT NULL,
  PRIMARY KEY (`idActiviteVetement`),
  KEY `ActivitesVetements_Vetements_FK` (`idVetement`),
  KEY `ActivitesVetements_Activities_FK` (`idActivite`)
) ENGINE=InnoDB  DEFAULT CHARSET=latin1 AUTO_INCREMENT=590 ;

--
-- Contenu de la table `activitesvetements`
--

INSERT INTO `activitesvetements` (`idActiviteVetement`, `idVetement`, `idActivite`) VALUES
(1, 1, 1),
(2, 1, 2),
(3, 1, 3),
(4, 1, 5),
(5, 2, 1),
(6, 2, 2),
(7, 2, 3),
(8, 2, 5),
(9, 3, 1),
(10, 3, 2),
(11, 3, 3),
(12, 3, 8),
(13, 3, 5),
(14, 3, 10),
(15, 3, 14),
(16, 3, 6),
(17, 3, 13),
(18, 4, 2),
(19, 4, 4),
(20, 4, 6),
(21, 4, 7),
(22, 4, 10),
(23, 4, 14),
(24, 4, 12),
(25, 4, 13),
(26, 5, 6),
(27, 5, 10),
(28, 5, 14),
(29, 5, 13),
(30, 5, 16),
(31, 6, 6),
(32, 6, 10),
(33, 6, 13),
(34, 6, 16),
(35, 7, 6),
(36, 7, 10),
(37, 7, 14),
(38, 7, 12),
(39, 7, 13),
(40, 7, 11),
(41, 8, 6),
(42, 8, 10),
(43, 8, 14),
(44, 8, 12),
(45, 8, 13),
(46, 8, 11),
(47, 8, 16),
(48, 9, 6),
(49, 9, 10),
(50, 9, 14),
(51, 9, 12),
(52, 9, 13),
(53, 9, 11),
(54, 9, 16),
(55, 9, 15),
(56, 10, 6),
(57, 10, 10),
(58, 10, 14),
(59, 10, 13),
(60, 10, 5),
(61, 10, 8),
(62, 10, 11),
(63, 10, 16),
(64, 10, 15),
(65, 11, 1),
(66, 11, 6),
(67, 11, 10),
(68, 11, 14),
(69, 11, 12),
(70, 11, 13),
(71, 11, 8),
(72, 11, 11),
(73, 11, 15),
(74, 12, 6),
(75, 12, 7),
(76, 12, 10),
(77, 12, 12),
(78, 12, 8),
(79, 12, 15),
(80, 13, 1),
(81, 13, 2),
(82, 13, 4),
(83, 13, 6),
(84, 13, 7),
(85, 13, 10),
(86, 13, 14),
(87, 13, 12),
(88, 13, 13),
(89, 13, 5),
(90, 13, 8),
(91, 13, 11),
(92, 13, 3),
(93, 13, 16),
(94, 14, 1),
(95, 14, 2),
(96, 14, 6),
(97, 14, 10),
(98, 14, 5),
(99, 14, 8),
(100, 14, 16),
(101, 15, 1),
(102, 15, 2),
(103, 15, 6),
(104, 15, 10),
(105, 15, 14),
(106, 15, 5),
(107, 15, 8),
(108, 15, 3),
(109, 15, 16),
(110, 16, 1),
(111, 16, 2),
(112, 16, 6),
(113, 16, 10),
(114, 16, 14),
(115, 16, 13),
(116, 16, 5),
(117, 16, 8),
(118, 16, 3),
(119, 16, 16),
(120, 16, 15),
(121, 17, 6),
(122, 17, 7),
(123, 17, 10),
(124, 17, 14),
(125, 17, 12),
(126, 17, 13),
(127, 17, 11),
(128, 17, 16),
(129, 18, 6),
(130, 18, 7),
(131, 18, 10),
(132, 18, 14),
(133, 18, 12),
(134, 18, 13),
(135, 18, 11),
(136, 18, 16),
(137, 19, 4),
(138, 19, 6),
(139, 19, 7),
(140, 19, 10),
(141, 19, 14),
(142, 19, 8),
(143, 20, 4),
(144, 20, 6),
(145, 20, 7),
(146, 20, 10),
(147, 20, 14),
(148, 20, 8),
(149, 21, 2),
(150, 21, 6),
(151, 21, 10),
(152, 21, 13),
(153, 21, 8),
(154, 21, 3),
(155, 21, 16),
(156, 21, 15),
(157, 22, 7),
(158, 22, 12),
(159, 22, 13),
(160, 23, 4),
(161, 23, 6),
(162, 23, 7),
(163, 23, 10),
(164, 23, 14),
(165, 23, 12),
(166, 23, 13),
(167, 23, 16),
(168, 23, 15),
(169, 25, 1),
(170, 25, 2),
(171, 25, 5),
(172, 25, 8),
(173, 25, 3),
(174, 25, 15),
(175, 26, 2),
(176, 26, 6),
(177, 26, 10),
(178, 26, 14),
(179, 26, 5),
(180, 26, 8),
(181, 26, 3),
(182, 26, 16),
(183, 27, 6),
(184, 27, 7),
(185, 27, 10),
(186, 27, 14),
(187, 27, 8),
(188, 27, 11),
(189, 28, 6),
(190, 28, 10),
(191, 28, 14),
(192, 28, 12),
(193, 28, 8),
(194, 28, 15),
(195, 29, 1),
(196, 29, 2),
(197, 29, 6),
(198, 29, 10),
(199, 29, 14),
(200, 29, 5),
(201, 29, 8),
(202, 29, 3),
(203, 30, 6),
(204, 30, 8),
(205, 30, 16),
(206, 31, 6),
(207, 31, 16),
(208, 32, 6),
(209, 32, 7),
(210, 32, 9),
(211, 32, 8),
(212, 32, 10),
(213, 32, 11),
(214, 32, 14),
(215, 32, 16),
(216, 33, 6),
(217, 33, 7),
(218, 33, 9),
(219, 33, 10),
(220, 33, 11),
(221, 33, 14),
(222, 33, 16),
(223, 33, 13),
(224, 34, 6),
(225, 34, 7),
(226, 34, 9),
(227, 34, 10),
(228, 34, 11),
(229, 34, 14),
(230, 34, 16),
(231, 34, 13),
(232, 35, 6),
(233, 35, 7),
(234, 35, 9),
(235, 35, 10),
(236, 35, 11),
(237, 35, 14),
(238, 35, 16),
(239, 35, 13),
(240, 36, 7),
(241, 37, 7),
(242, 37, 6),
(243, 37, 8),
(244, 37, 10),
(245, 38, 7),
(246, 38, 6),
(247, 38, 8),
(248, 38, 10),
(249, 38, 9),
(250, 38, 11),
(251, 38, 12),
(252, 38, 13),
(253, 38, 14),
(254, 38, 16),
(255, 39, 7),
(256, 39, 6),
(257, 39, 8),
(258, 39, 9),
(259, 39, 11),
(260, 39, 12),
(261, 39, 13),
(262, 39, 14),
(263, 40, 4),
(264, 41, 4),
(265, 42, 7),
(266, 42, 9),
(267, 42, 11),
(268, 42, 12),
(269, 43, 7),
(270, 43, 9),
(271, 43, 11),
(272, 43, 12),
(273, 43, 16),
(274, 43, 14),
(275, 44, 5),
(276, 44, 3),
(277, 44, 1),
(278, 45, 7),
(279, 45, 9),
(280, 45, 10),
(281, 45, 11),
(282, 45, 12),
(283, 47, 1),
(284, 47, 2),
(285, 47, 3),
(286, 47, 5),
(287, 47, 6),
(288, 47, 15),
(289, 47, 16),
(290, 48, 14),
(291, 48, 12),
(292, 48, 11),
(293, 48, 10),
(294, 48, 9),
(295, 48, 6),
(296, 48, 13),
(297, 49, 14),
(298, 49, 12),
(299, 49, 11),
(300, 49, 10),
(301, 49, 9),
(302, 49, 6),
(303, 49, 13),
(304, 50, 14),
(305, 50, 12),
(306, 50, 11),
(307, 50, 10),
(308, 50, 9),
(309, 50, 6),
(310, 50, 13),
(311, 51, 14),
(312, 51, 12),
(313, 51, 11),
(314, 51, 10),
(315, 51, 9),
(316, 51, 6),
(317, 51, 13),
(318, 52, 8),
(319, 52, 1),
(320, 53, 6),
(321, 53, 7),
(322, 53, 9),
(323, 53, 10),
(324, 53, 11),
(325, 53, 12),
(326, 53, 13),
(327, 53, 14),
(328, 53, 16),
(329, 55, 6),
(330, 55, 7),
(331, 55, 9),
(332, 55, 10),
(333, 55, 11),
(334, 55, 12),
(335, 55, 14),
(336, 55, 16),
(337, 56, 6),
(338, 56, 7),
(339, 56, 9),
(340, 56, 10),
(341, 56, 11),
(342, 56, 12),
(343, 56, 14),
(344, 56, 16),
(345, 57, 6),
(346, 57, 7),
(347, 57, 9),
(348, 57, 10),
(349, 57, 11),
(350, 57, 12),
(351, 57, 14),
(352, 57, 16),
(353, 57, 13),
(354, 58, 6),
(355, 58, 7),
(356, 58, 9),
(357, 58, 10),
(358, 58, 11),
(359, 58, 12),
(360, 58, 14),
(361, 58, 16),
(362, 58, 13),
(363, 59, 5),
(364, 59, 6),
(365, 59, 7),
(366, 59, 8),
(367, 59, 16),
(368, 59, 14),
(369, 60, 3),
(370, 60, 6),
(371, 60, 7),
(372, 60, 8),
(373, 60, 9),
(374, 60, 10),
(375, 60, 11),
(376, 60, 14),
(377, 60, 16),
(378, 61, 1),
(379, 61, 2),
(380, 61, 3),
(381, 61, 5),
(382, 62, 1),
(383, 62, 2),
(384, 62, 3),
(385, 62, 5),
(386, 62, 16),
(387, 63, 7),
(388, 63, 6),
(389, 63, 9),
(390, 63, 10),
(391, 63, 11),
(392, 63, 14),
(393, 63, 16),
(394, 64, 6),
(395, 64, 7),
(396, 64, 9),
(397, 64, 10),
(398, 64, 11),
(399, 64, 12),
(400, 64, 14),
(401, 65, 6),
(402, 65, 14),
(403, 65, 16),
(404, 65, 10),
(405, 66, 6),
(406, 66, 7),
(407, 66, 9),
(408, 66, 10),
(409, 66, 11),
(410, 66, 14),
(411, 67, 10),
(412, 67, 8),
(413, 67, 6),
(414, 68, 7),
(415, 68, 9),
(416, 68, 11),
(417, 68, 12),
(418, 69, 13),
(419, 69, 12),
(420, 69, 6),
(421, 69, 7),
(422, 70, 8),
(423, 71, 6),
(424, 71, 7),
(425, 71, 8),
(426, 71, 9),
(427, 71, 10),
(428, 71, 11),
(429, 71, 12),
(430, 71, 13),
(431, 71, 14),
(432, 72, 6),
(433, 72, 7),
(434, 72, 9),
(435, 72, 10),
(436, 72, 11),
(437, 72, 12),
(438, 72, 13),
(439, 72, 14),
(440, 73, 6),
(441, 73, 8),
(442, 73, 7),
(443, 73, 9),
(444, 73, 10),
(445, 73, 12),
(446, 73, 11),
(447, 73, 13),
(448, 73, 14),
(449, 73, 16),
(450, 74, 3),
(451, 74, 5),
(452, 74, 2),
(453, 74, 1),
(454, 75, 6),
(455, 75, 7),
(456, 75, 8),
(457, 75, 9),
(458, 75, 10),
(459, 75, 11),
(460, 75, 14),
(461, 75, 16),
(462, 76, 6),
(463, 76, 7),
(464, 76, 8),
(465, 76, 9),
(466, 76, 10),
(467, 76, 11),
(468, 76, 12),
(469, 76, 14),
(470, 76, 16),
(471, 77, 1),
(472, 77, 2),
(473, 77, 3),
(474, 77, 5),
(475, 77, 6),
(476, 77, 8),
(477, 77, 10),
(478, 77, 16),
(479, 77, 14),
(480, 78, 7),
(481, 78, 6),
(482, 78, 9),
(483, 78, 8),
(484, 78, 10),
(485, 78, 11),
(486, 78, 12),
(487, 78, 14),
(488, 78, 16),
(489, 79, 12),
(490, 79, 7),
(491, 79, 9),
(495, 82, 7),
(496, 82, 6),
(497, 82, 9),
(498, 82, 10),
(499, 82, 11),
(500, 82, 12),
(501, 82, 14),
(502, 82, 16),
(503, 83, 6),
(504, 83, 7),
(505, 83, 9),
(506, 83, 10),
(507, 83, 12),
(508, 83, 13),
(509, 83, 14),
(510, 84, 7),
(511, 84, 9),
(512, 84, 12),
(513, 85, 6),
(514, 85, 7),
(515, 85, 8),
(516, 86, 6),
(517, 86, 7),
(518, 86, 1),
(519, 86, 2),
(520, 86, 3),
(521, 86, 4),
(522, 86, 5),
(523, 86, 8),
(524, 86, 9),
(525, 86, 10),
(526, 86, 11),
(527, 86, 12),
(528, 86, 13),
(529, 86, 14),
(530, 86, 15),
(531, 86, 16),
(532, 87, 2),
(533, 87, 3),
(534, 87, 16),
(535, 88, 1),
(536, 88, 2),
(537, 88, 3),
(538, 88, 4),
(539, 88, 5),
(540, 88, 6),
(541, 88, 7),
(542, 88, 8),
(543, 88, 9),
(544, 88, 10),
(545, 88, 11),
(546, 88, 12),
(547, 88, 13),
(548, 88, 14),
(549, 88, 15),
(550, 88, 16),
(551, 89, 9),
(552, 89, 7),
(553, 89, 12),
(554, 90, 6),
(555, 90, 7),
(556, 90, 8),
(557, 90, 9),
(558, 90, 10),
(559, 90, 11),
(560, 90, 12),
(561, 90, 13),
(562, 90, 14),
(563, 90, 16),
(564, 91, 1),
(565, 91, 2),
(566, 91, 3),
(567, 91, 4),
(568, 91, 5),
(569, 91, 6),
(570, 91, 7),
(571, 91, 8),
(572, 91, 9),
(573, 91, 10),
(574, 91, 11),
(575, 91, 12),
(576, 91, 13),
(577, 91, 14),
(578, 91, 16),
(579, 92, 1),
(580, 92, 2),
(581, 92, 3),
(582, 92, 5),
(583, 92, 6),
(584, 92, 10),
(585, 92, 16),
(586, 92, 14),
(587, 93, 7),
(588, 93, 9),
(589, 93, 12);

-- --------------------------------------------------------

--
-- Structure de la table `couleurs`
--

CREATE TABLE IF NOT EXISTS `couleurs` (
  `idCouleur` int(11) NOT NULL AUTO_INCREMENT,
  `nomCouleur` varchar(50) NOT NULL,
  PRIMARY KEY (`idCouleur`),
  UNIQUE KEY `nomCouleur` (`nomCouleur`)
) ENGINE=InnoDB  DEFAULT CHARSET=latin1 AUTO_INCREMENT=17 ;

--
-- Contenu de la table `couleurs`
--

INSERT INTO `couleurs` (`idCouleur`, `nomCouleur`) VALUES
(15, 'Argent'),
(11, 'Beige'),
(5, 'Blanc'),
(2, 'Bleu'),
(7, 'Bleu Marin'),
(10, 'Brun'),
(6, 'Gris'),
(3, 'Jaune'),
(13, 'Khaki'),
(12, 'Mauve'),
(4, 'Noir'),
(14, 'Or'),
(9, 'Rose'),
(1, 'Rouge'),
(16, 'Turquoise'),
(8, 'Vert');

-- --------------------------------------------------------

--
-- Structure de la table `ensembles`
--

CREATE TABLE IF NOT EXISTS `ensembles` (
  `idEnsemble` int(11) NOT NULL AUTO_INCREMENT,
  `nomEnsemble` varchar(50) NOT NULL,
  PRIMARY KEY (`idEnsemble`)
) ENGINE=InnoDB  DEFAULT CHARSET=latin1 AUTO_INCREMENT=5 ;

--
-- Contenu de la table `ensembles`
--

INSERT INTO `ensembles` (`idEnsemble`, `nomEnsemble`) VALUES
(1, 'GameboyGangster'),
(2, 'running'),
(3, 'samedi soir'),
(4, 'gamer');

-- --------------------------------------------------------

--
-- Structure de la table `ensemblesvetements`
--

CREATE TABLE IF NOT EXISTS `ensemblesvetements` (
  `idEnsembleVetement` int(11) NOT NULL AUTO_INCREMENT,
  `idEnsemble` int(11) NOT NULL,
  `idVetement` int(11) NOT NULL,
  PRIMARY KEY (`idEnsembleVetement`),
  KEY `EnsemblesVetements_Ensembles_FK` (`idEnsemble`),
  KEY `EnsemblesVetements_Vetements_FK` (`idVetement`)
) ENGINE=InnoDB  DEFAULT CHARSET=latin1 AUTO_INCREMENT=13 ;

--
-- Contenu de la table `ensemblesvetements`
--

INSERT INTO `ensemblesvetements` (`idEnsembleVetement`, `idEnsemble`, `idVetement`) VALUES
(1, 1, 75),
(2, 1, 8),
(3, 1, 13),
(4, 2, 2),
(5, 2, 1),
(6, 2, 3),
(7, 3, 18),
(8, 3, 8),
(9, 3, 3),
(10, 4, 5),
(11, 4, 4),
(12, 4, 6);

-- --------------------------------------------------------

--
-- Structure de la table `moments`
--

CREATE TABLE IF NOT EXISTS `moments` (
  `idMoment` int(11) NOT NULL AUTO_INCREMENT,
  `nomMoment` varchar(40) NOT NULL,
  `heureDebut` time NOT NULL,
  `heureFin` time NOT NULL,
  PRIMARY KEY (`idMoment`),
  UNIQUE KEY `nomMoment` (`nomMoment`)
) ENGINE=InnoDB  DEFAULT CHARSET=latin1 AUTO_INCREMENT=5 ;

--
-- Contenu de la table `moments`
--

INSERT INTO `moments` (`idMoment`, `nomMoment`, `heureDebut`, `heureFin`) VALUES
(1, 'Matin', '04:00:00', '11:59:59'),
(2, 'Après-midi', '12:00:00', '16:59:59'),
(3, 'Soir', '17:00:00', '22:59:59'),
(4, 'Nuit', '23:00:00', '03:59:59');

-- --------------------------------------------------------

--
-- Structure de la table `styles`
--

CREATE TABLE IF NOT EXISTS `styles` (
  `idStyle` int(11) NOT NULL AUTO_INCREMENT,
  `nomStyle` varchar(30) NOT NULL,
  PRIMARY KEY (`idStyle`),
  UNIQUE KEY `nomStyle` (`nomStyle`)
) ENGINE=InnoDB  DEFAULT CHARSET=latin1 AUTO_INCREMENT=14 ;

--
-- Contenu de la table `styles`
--

INSERT INTO `styles` (`idStyle`, `nomStyle`) VALUES
(11, 'Far-West'),
(13, 'Friperie'),
(12, 'Futuristique'),
(3, 'Gamer'),
(8, 'Gangster'),
(2, 'Gothique'),
(4, 'Hippie'),
(7, 'Hipster'),
(6, 'Propre'),
(9, 'Punk'),
(5, 'Relaxe'),
(1, 'Sport'),
(10, 'Tous les jours');

-- --------------------------------------------------------

--
-- Structure de la table `stylesvetements`
--

CREATE TABLE IF NOT EXISTS `stylesvetements` (
  `idStyleVetement` int(11) NOT NULL AUTO_INCREMENT,
  `idStyle` int(11) NOT NULL,
  `idVetement` int(11) NOT NULL,
  PRIMARY KEY (`idStyleVetement`),
  KEY `StylesVetements_Styles_FK` (`idStyle`),
  KEY `StylesVetements_Vetements_FK` (`idVetement`)
) ENGINE=InnoDB  DEFAULT CHARSET=latin1 AUTO_INCREMENT=241 ;

--
-- Contenu de la table `stylesvetements`
--

INSERT INTO `stylesvetements` (`idStyleVetement`, `idStyle`, `idVetement`) VALUES
(1, 1, 1),
(2, 5, 1),
(3, 1, 2),
(4, 5, 2),
(5, 1, 3),
(6, 5, 3),
(7, 3, 3),
(8, 6, 4),
(9, 5, 4),
(10, 3, 5),
(11, 5, 5),
(12, 3, 6),
(13, 5, 6),
(14, 2, 7),
(15, 2, 8),
(16, 3, 8),
(17, 5, 8),
(18, 2, 9),
(19, 4, 10),
(20, 4, 11),
(21, 5, 11),
(22, 4, 12),
(23, 5, 12),
(24, 1, 13),
(25, 2, 13),
(26, 3, 13),
(27, 5, 13),
(28, 1, 14),
(29, 3, 14),
(30, 5, 14),
(31, 1, 15),
(32, 2, 15),
(33, 3, 15),
(34, 1, 16),
(35, 3, 16),
(36, 5, 16),
(37, 6, 17),
(38, 3, 17),
(39, 4, 17),
(40, 5, 17),
(41, 6, 18),
(42, 3, 18),
(43, 4, 18),
(44, 5, 18),
(45, 5, 19),
(46, 5, 20),
(47, 1, 21),
(48, 3, 21),
(49, 4, 21),
(50, 5, 21),
(51, 6, 22),
(52, 6, 24),
(53, 1, 24),
(54, 3, 24),
(55, 5, 23),
(56, 1, 25),
(57, 1, 26),
(58, 3, 26),
(59, 4, 26),
(60, 5, 26),
(61, 1, 27),
(62, 2, 27),
(63, 3, 27),
(64, 5, 27),
(65, 4, 28),
(66, 1, 29),
(67, 2, 29),
(68, 3, 29),
(69, 5, 29),
(70, 3, 30),
(71, 8, 30),
(72, 9, 30),
(73, 3, 31),
(74, 5, 31),
(75, 10, 31),
(76, 13, 31),
(77, 3, 32),
(78, 5, 32),
(79, 10, 32),
(80, 13, 32),
(81, 11, 32),
(82, 4, 32),
(83, 3, 33),
(84, 7, 33),
(85, 6, 32),
(86, 3, 34),
(87, 7, 34),
(88, 6, 34),
(89, 2, 35),
(90, 9, 35),
(91, 3, 35),
(92, 7, 35),
(93, 5, 36),
(94, 8, 36),
(95, 11, 36),
(96, 5, 37),
(97, 13, 37),
(98, 4, 37),
(99, 7, 38),
(100, 6, 38),
(101, 3, 38),
(102, 2, 39),
(103, 8, 39),
(104, 1, 40),
(105, 1, 41),
(106, 6, 42),
(107, 3, 43),
(108, 1, 44),
(109, 6, 45),
(110, 10, 45),
(111, 1, 47),
(112, 10, 47),
(113, 3, 47),
(114, 8, 47),
(115, 6, 48),
(116, 7, 48),
(117, 6, 49),
(118, 7, 49),
(119, 6, 50),
(120, 10, 50),
(121, 7, 50),
(122, 6, 51),
(123, 10, 51),
(124, 7, 51),
(125, 1, 52),
(126, 3, 53),
(127, 1, 53),
(128, 5, 53),
(129, 10, 53),
(130, 8, 55),
(131, 3, 56),
(132, 4, 56),
(133, 5, 56),
(134, 9, 56),
(135, 13, 56),
(136, 2, 57),
(137, 3, 58),
(138, 7, 58),
(139, 5, 58),
(140, 3, 59),
(141, 7, 59),
(142, 5, 59),
(143, 10, 59),
(144, 10, 60),
(145, 5, 60),
(146, 7, 60),
(147, 3, 60),
(148, 1, 61),
(149, 10, 62),
(150, 1, 62),
(151, 5, 62),
(152, 3, 63),
(153, 2, 63),
(154, 9, 63),
(155, 5, 63),
(156, 10, 63),
(157, 6, 64),
(158, 10, 64),
(159, 5, 65),
(160, 3, 65),
(161, 3, 66),
(162, 4, 66),
(163, 7, 66),
(164, 5, 66),
(165, 11, 67),
(166, 3, 67),
(167, 7, 67),
(168, 6, 67),
(169, 10, 67),
(170, 6, 68),
(171, 12, 69),
(172, 13, 70),
(173, 9, 70),
(174, 8, 70),
(175, 2, 71),
(176, 2, 72),
(177, 11, 72),
(178, 13, 72),
(179, 12, 72),
(180, 3, 72),
(181, 8, 72),
(182, 4, 72),
(183, 7, 72),
(184, 6, 72),
(185, 9, 72),
(186, 5, 72),
(187, 1, 72),
(188, 10, 72),
(189, 9, 73),
(190, 2, 73),
(191, 12, 74),
(192, 1, 74),
(193, 12, 75),
(194, 5, 75),
(195, 3, 75),
(196, 12, 76),
(197, 7, 76),
(198, 5, 76),
(199, 3, 76),
(200, 8, 77),
(201, 3, 77),
(202, 5, 77),
(203, 1, 77),
(204, 10, 77),
(205, 12, 78),
(206, 3, 78),
(207, 10, 78),
(208, 5, 78),
(209, 6, 79),
(211, 5, 82),
(212, 10, 82),
(213, 3, 82),
(214, 12, 82),
(215, 7, 82),
(216, 12, 83),
(217, 2, 83),
(218, 9, 83),
(219, 6, 84),
(220, 7, 84),
(221, 11, 85),
(222, 10, 85),
(223, 8, 85),
(224, 8, 86),
(225, 12, 86),
(226, 3, 87),
(227, 1, 87),
(228, 5, 87),
(229, 8, 88),
(230, 6, 89),
(231, 2, 89),
(232, 3, 90),
(233, 4, 90),
(234, 5, 90),
(235, 10, 90),
(236, 3, 91),
(237, 7, 91),
(238, 12, 91),
(239, 1, 92),
(240, 6, 93);

-- --------------------------------------------------------

--
-- Structure de la table `temperatures`
--

CREATE TABLE IF NOT EXISTS `temperatures` (
  `idTemperature` int(11) NOT NULL AUTO_INCREMENT,
  `nomClimat` varchar(50) NOT NULL,
  PRIMARY KEY (`idTemperature`),
  UNIQUE KEY `nomClimat` (`nomClimat`)
) ENGINE=InnoDB  DEFAULT CHARSET=latin1 AUTO_INCREMENT=7 ;

--
-- Contenu de la table `temperatures`
--

INSERT INTO `temperatures` (`idTemperature`, `nomClimat`) VALUES
(2, 'Ensoleillé'),
(5, 'Froid'),
(6, 'Neige'),
(1, 'Nuageux'),
(3, 'Pluie'),
(4, 'Venteux');

-- --------------------------------------------------------

--
-- Structure de la table `typesvetements`
--

CREATE TABLE IF NOT EXISTS `typesvetements` (
  `idTypeVetement` int(11) NOT NULL AUTO_INCREMENT,
  `nomType` varchar(50) NOT NULL,
  PRIMARY KEY (`idTypeVetement`),
  UNIQUE KEY `nomType` (`nomType`)
) ENGINE=InnoDB  DEFAULT CHARSET=latin1 AUTO_INCREMENT=4 ;

--
-- Contenu de la table `typesvetements`
--

INSERT INTO `typesvetements` (`idTypeVetement`, `nomType`) VALUES
(2, 'Bas'),
(3, 'Chaussures'),
(1, 'Haut');

-- --------------------------------------------------------

--
-- Structure de la table `utilisateurs`
--

CREATE TABLE IF NOT EXISTS `utilisateurs` (
  `idUtilisateur` int(11) NOT NULL AUTO_INCREMENT,
  `prenom` varchar(50) DEFAULT NULL,
  `nom` varchar(50) DEFAULT NULL,
  `nomUtilisateur` varchar(50) NOT NULL,
  `motPasse` varchar(50) NOT NULL,
  `courriel` varchar(75) NOT NULL,
  `sexe` varchar(1) NOT NULL,
  `estAdmin` tinyint(1) NOT NULL,
  PRIMARY KEY (`idUtilisateur`),
  UNIQUE KEY `nomUtilisateur` (`nomUtilisateur`)
) ENGINE=InnoDB  DEFAULT CHARSET=latin1 AUTO_INCREMENT=6 ;

--
-- Contenu de la table `utilisateurs`
--

INSERT INTO `utilisateurs` (`idUtilisateur`, `prenom`, `nom`, `nomUtilisateur`, `motPasse`, `courriel`, `sexe`, `estAdmin`) VALUES
(1, 'David', 'Cantin', 'DavidC', 'admin', 'test@hotmail.com', 'M', 1),
(2, 'Maxime', 'Laramee', 'MaximeL', 'admin', 'test2@hotmail.com', 'M', 1),
(3, 'Alexendre', 'Gordard', 'AlexG', 'admin', 'test3@hotmail.com', 'M', 1),
(4, 'Gabriel', 'Piche-Cloutier', 'GabrielPC', 'admin', 'test4@hotmail.com', 'M', 1),
(5, 'Test', 'Un testeur', 'Test', 'admin', 'test5@hotmail.com', 'M', 1);

-- --------------------------------------------------------

--
-- Structure de la table `utilisateursensembles`
--

CREATE TABLE IF NOT EXISTS `utilisateursensembles` (
  `idUtilisateurEnsemble` int(11) NOT NULL AUTO_INCREMENT,
  `idUtilisateur` int(11) NOT NULL,
  `idEnsemble` int(11) NOT NULL,
  `dateCreation` datetime NOT NULL,
  `estFavori` tinyint(1) NOT NULL,
  `estDansGardeRobe` tinyint(1) NOT NULL,
  PRIMARY KEY (`idUtilisateurEnsemble`),
  KEY `UtilisateursEnsembles_Utilisateurs_FK` (`idUtilisateur`),
  KEY `UtilisateursEnsembles_Ensembles_FK` (`idEnsemble`)
) ENGINE=InnoDB  DEFAULT CHARSET=latin1 AUTO_INCREMENT=5 ;

--
-- Contenu de la table `utilisateursensembles`
--

INSERT INTO `utilisateursensembles` (`idUtilisateurEnsemble`, `idUtilisateur`, `idEnsemble`, `dateCreation`, `estFavori`, `estDansGardeRobe`) VALUES
(1, 1, 1, '2014-11-27 10:42:28', 0, 1),
(2, 1, 2, '2014-11-27 11:11:01', 0, 1),
(3, 1, 3, '2014-11-27 11:19:33', 0, 1),
(4, 1, 4, '2014-11-27 11:19:49', 0, 1);

-- --------------------------------------------------------

--
-- Structure de la table `utilisateursvetements`
--

CREATE TABLE IF NOT EXISTS `utilisateursvetements` (
  `idUtilisateurVetement` int(11) NOT NULL AUTO_INCREMENT,
  `idUtilisateur` int(11) NOT NULL,
  `idVetement` int(11) NOT NULL,
  PRIMARY KEY (`idUtilisateurVetement`),
  KEY `UtilisateursVetements_Utilisateurs_FK` (`idUtilisateur`),
  KEY `UtilisateursVetements_Vetements_FK` (`idVetement`)
) ENGINE=InnoDB  DEFAULT CHARSET=latin1 AUTO_INCREMENT=2 ;

--
-- Contenu de la table `utilisateursvetements`
--

INSERT INTO `utilisateursvetements` (`idUtilisateurVetement`, `idUtilisateur`, `idVetement`) VALUES
(1, 1, 79);

-- --------------------------------------------------------

--
-- Structure de la table `vetements`
--

CREATE TABLE IF NOT EXISTS `vetements` (
  `idVetement` int(11) NOT NULL AUTO_INCREMENT,
  `idTypeVetement` int(11) NOT NULL,
  `idCouleur` int(11) NOT NULL,
  `nomVetement` varchar(100) NOT NULL,
  `imageURL` varchar(100) NOT NULL,
  `prix` float DEFAULT NULL,
  `estHomme` tinyint(1) NOT NULL,
  `estFemme` tinyint(1) NOT NULL,
  PRIMARY KEY (`idVetement`),
  KEY `Vetements_TypesVetements_FK` (`idTypeVetement`),
  KEY `Vetements_Couleurs_FK` (`idCouleur`)
) ENGINE=InnoDB  DEFAULT CHARSET=latin1 AUTO_INCREMENT=94 ;

--
-- Contenu de la table `vetements`
--

INSERT INTO `vetements` (`idVetement`, `idTypeVetement`, `idCouleur`, `nomVetement`, `imageURL`, `prix`, `estHomme`, `estFemme`) VALUES
(1, 2, 4, 'Pantalon d''entraînement Adidas', '420.cstj.qc.ca/gabrielpichecloutier/images_mova/bas/PantalonDEntrainementAdidas.png', 60, 1, 1),
(2, 1, 1, 'Chandail du FC Bayern', '420.cstj.qc.ca/gabrielpichecloutier/images_mova/hauts/ChandailDuFCBayern.png', 50, 1, 1),
(3, 3, 1, 'Chaussures Adidas', '420.cstj.qc.ca/gabrielpichecloutier/images_mova/chaussures/ChaussuresAdidas.png', 70, 1, 1),
(4, 2, 10, 'Pantalon Chino', '420.cstj.qc.ca/gabrielpichecloutier/images_mova/bas/PantalonChino.png', 40, 1, 0),
(5, 1, 9, 'Chandail à manches longues Kirby', '420.cstj.qc.ca/gabrielpichecloutier/images_mova/hauts/ChandailAManchesLonguesKirby.png', 40, 1, 1),
(6, 3, 2, 'Chaussures Mario', '420.cstj.qc.ca/gabrielpichecloutier/images_mova/chaussures/ChaussuresMario.png', 30, 1, 1),
(7, 3, 4, 'Bottes de combat', '420.cstj.qc.ca/gabrielpichecloutier/images_mova/chaussures/BottesDeCombat.png', 50, 1, 1),
(8, 2, 4, 'Jeans cargo', '420.cstj.qc.ca/gabrielpichecloutier/images_mova/bas/JeansCargo.png', 40, 1, 0),
(9, 1, 4, 'Chemise du chagrin', '420.cstj.qc.ca/gabrielpichecloutier/images_mova/hauts/ChemiseDuChagrin.png', 80, 1, 0),
(10, 2, 8, 'Pantalon nomade', '420.cstj.qc.ca/gabrielpichecloutier/images_mova/bas/PantalonNomade.png', 20, 1, 1),
(11, 1, 12, 'Chandail psychédélique', '420.cstj.qc.ca/gabrielpichecloutier/images_mova/hauts/ChandailPsychedelique.png', 10, 1, 1),
(12, 3, 10, 'Sandales Birkenstock', '420.cstj.qc.ca/gabrielpichecloutier/images_mova/chaussures/SandalesBirkenstock.png', 60, 1, 1),
(13, 3, 4, 'Nike Freerun', '420.cstj.qc.ca/gabrielpichecloutier/images_mova/chaussures/NikeFreerun.png', 110, 1, 1),
(14, 1, 12, 'Kangourou Underarmour', '420.cstj.qc.ca/gabrielpichecloutier/images_mova/hauts/KangourouUnderarmour.png', 60, 1, 1),
(15, 2, 4, 'Jogging Underarmour', '420.cstj.qc.ca/gabrielpichecloutier/images_mova/bas/JoggingUnderarmour.png', 40, 1, 1),
(16, 1, 6, 'T-shirt gris', '420.cstj.qc.ca/gabrielpichecloutier/images_mova/hauts/TShirtGris.png', 10, 1, 0),
(17, 1, 12, 'Chandail à manches longues mauve', '420.cstj.qc.ca/gabrielpichecloutier/images_mova/hauts/ChandailAManchesLonguesMauve.png', 30, 1, 1),
(18, 1, 1, 'Chandail à manches longues rouge', '420.cstj.qc.ca/gabrielpichecloutier/images_mova/hauts/ChandailAManchesLonguesRouge.png', 30, 1, 1),
(19, 2, 13, 'Short Khaki', '420.cstj.qc.ca/gabrielpichecloutier/images_mova/bas/ShortKhaki.png', 40, 1, 0),
(20, 2, 6, 'Short Gris', '420.cstj.qc.ca/gabrielpichecloutier/images_mova/bas/ShortGris.png', 40, 1, 0),
(21, 2, 2, 'Short carreauté', '420.cstj.qc.ca/gabrielpichecloutier/images_mova/bas/ShortCarreaute.png', 20, 1, 0),
(22, 3, 4, 'Chaussures Oxford', '420.cstj.qc.ca/gabrielpichecloutier/images_mova/chaussures/ChaussuresOxford.png', 80, 1, 0),
(23, 1, 4, 'Polo rayé', '420.cstj.qc.ca/gabrielpichecloutier/images_mova/hauts/PoloRaye.png', 20, 1, 0),
(24, 1, 6, 'Polo gris', '420.cstj.qc.ca/gabrielpichecloutier/images_mova/hauts/PoloGris.png', 20, 1, 0),
(25, 2, 2, 'Short Nike', '420.cstj.qc.ca/gabrielpichecloutier/images_mova/bas/ShortNike.png', 30, 1, 1),
(26, 2, 6, 'Jogging retroussé', '420.cstj.qc.ca/gabrielpichecloutier/images_mova/bas/JoggingRetrousse.png', 60, 1, 1),
(27, 2, 4, 'Pantalon Cargo Levis Commuter', '420.cstj.qc.ca/gabrielpichecloutier/images_mova/bas/PantalonCargoLevisCommuter.png', 80, 1, 0),
(28, 2, 1, 'Pantalon avec patch', '420.cstj.qc.ca/gabrielpichecloutier/images_mova/bas/PantalonAvecParch.png', 200, 1, 1),
(29, 3, 4, 'Adidas Tech Runner', '420.cstj.qc.ca/gabrielpichecloutier/images_mova/chaussures/AdidasTechRunner.png', 600, 1, 1),
(30, 2, 4, 'Pantalon camouflage', '420.cstj.qc.ca/gabrielpichecloutier/images_mova/bas/PantalonCamouflage.jpg', 35, 1, 0),
(31, 2, 2, 'Jeans 8bit', '420.cstj.qc.ca/gabrielpichecloutier/images_mova/bas/Jeans8bit.jpg', 20, 1, 1),
(32, 2, 2, 'Jeans', '420.cstj.qc.ca/gabrielpichecloutier/images_mova/bas/JeansNormal.jpg', 30, 1, 1),
(33, 2, 9, 'Jeans rose', '420.cstj.qc.ca/gabrielpichecloutier/images_mova/bas/JeansRose.png', 35, 1, 0),
(34, 2, 1, 'Jeans rouge', '420.cstj.qc.ca/gabrielpichecloutier/images_mova/bas/JeansRouge.jpg', 35, 1, 0),
(35, 2, 4, 'Jeans serré', '420.cstj.qc.ca/gabrielpichecloutier/images_mova/bas/JeansSerre.jpg', 45, 1, 0),
(36, 2, 13, 'Levis 513', '420.cstj.qc.ca/gabrielpichecloutier/images_mova/bas/Levis513.jpg', 30, 1, 0),
(37, 2, 8, 'Pantalon à poches', '420.cstj.qc.ca/gabrielpichecloutier/images_mova/bas/PantalonAvecPlusieursPoches.jpg', 20, 1, 0),
(38, 2, 10, 'Pantalon Ck', '420.cstj.qc.ca/gabrielpichecloutier/images_mova/bas/PantalonCk.jpg', 40, 1, 0),
(39, 2, 4, 'Pantalon de cuir', '420.cstj.qc.ca/gabrielpichecloutier/images_mova/bas/PantalonDeCuire.jpg', 70, 1, 0),
(40, 2, 6, 'Pantalon de golf', '420.cstj.qc.ca/gabrielpichecloutier/images_mova/bas/PantalonDeGolf.jpg', 50, 1, 0),
(41, 2, 10, 'Pantalon de golf orange', '420.cstj.qc.ca/gabrielpichecloutier/images_mova/bas/PantalonDeGolfOrange.jpg', 40, 1, 0),
(42, 2, 6, 'Pantalon Gucci', '420.cstj.qc.ca/gabrielpichecloutier/images_mova/bas/PantalonGucci.jpg', 200, 1, 0),
(43, 2, 10, 'Pantalon Metal Gear Solid', '420.cstj.qc.ca/gabrielpichecloutier/images_mova/bas/PantalonMetalGearSolid.png', 45, 1, 0),
(44, 2, 6, 'Pantalon de compression Nike', '420.cstj.qc.ca/gabrielpichecloutier/images_mova/bas/PantalonNikeDeCompression.jpg', 60, 1, 0),
(45, 2, 6, 'Pantalon propre Azad Point', '420.cstj.qc.ca/gabrielpichecloutier/images_mova/bas/PantalonPropreAzadPoint.jpg', 100, 1, 0),
(46, 2, 8, 'Pantalon vert', '420.cstj.qc.ca/gabrielpichecloutier/images_mova/bas/PantalonVert.jpg', 30, 1, 0),
(47, 2, 6, 'Nike5', '420.cstj.qc.ca/gabrielpichecloutier/images_mova/bas/ShortsNike5.jpg', 15, 1, 0),
(48, 3, 2, 'Chassures bateau 1', '420.cstj.qc.ca/gabrielpichecloutier/images_mova/chaussures/chaussuresBateau1.jpg', 70, 1, 0),
(49, 3, 4, 'Chassures bateau 2', '420.cstj.qc.ca/gabrielpichecloutier/images_mova/chaussures/chaussuresBateau2.jpg', 70, 1, 0),
(50, 3, 10, 'Chassures simple', '420.cstj.qc.ca/gabrielpichecloutier/images_mova/chaussures/chaussuresSimple.jpg', 40, 1, 0),
(51, 3, 10, 'Chassures cheville haute', '420.cstj.qc.ca/gabrielpichecloutier/images_mova/chaussures/ChaussuresChevilleHaute.jpg', 80, 1, 0),
(52, 3, 4, 'Chaussures Salomon de randonnée', '420.cstj.qc.ca/gabrielpichecloutier/images_mova/chaussures/ChaussuresDeRandonnee.jpg', 70, 1, 0),
(53, 3, 4, 'Chaussures Adidas Propre', '420.cstj.qc.ca/gabrielpichecloutier/images_mova/chaussures/ChaussuresAdidasPropre.jpg', 65, 1, 0),
(54, 3, 5, 'Chaussures BD', '420.cstj.qc.ca/gabrielpichecloutier/images_mova/chaussures/ChaussuresBD.jpg', 20, 1, 0),
(55, 3, 8, 'NikeCamo', '420.cstj.qc.ca/gabrielpichecloutier/images_mova/chaussures/ChaussuresCamo.jpg', 22, 1, 0),
(56, 3, 1, 'Classic Converse', '420.cstj.qc.ca/gabrielpichecloutier/images_mova/chaussures/ChaussuresConverse.jpg', 40, 1, 0),
(57, 3, 4, 'Chaussures dangereuse', '420.cstj.qc.ca/gabrielpichecloutier/images_mova/chaussures/ChaussuresDangereuse.jpg', 12, 1, 0),
(58, 3, 5, 'DC Fresh', '420.cstj.qc.ca/gabrielpichecloutier/images_mova/chaussures/ChaussuresDC.jpg', 47, 1, 0),
(59, 1, 4, 'Chandail Batman', '420.cstj.qc.ca/gabrielpichecloutier/images_mova/hauts/ChandailBatman.jpg', 15, 1, 0),
(60, 1, 4, 'Chandail BreakingBad', '420.cstj.qc.ca/gabrielpichecloutier/images_mova/hauts/ChandailBreakingBad.jpg', 15, 1, 0),
(61, 1, 4, 'Chandail Hubert', '420.cstj.qc.ca/gabrielpichecloutier/images_mova/hauts/ChandailDeHubert.jpg', 45, 1, 0),
(62, 1, 10, 'Nike Workout', '420.cstj.qc.ca/gabrielpichecloutier/images_mova/hauts/ChandailDentrainement.jpg', 30, 1, 0),
(63, 1, 4, 'Volcome Tye dye', '420.cstj.qc.ca/gabrielpichecloutier/images_mova/hauts/ChandailNoirSale.jpg', 32, 1, 0),
(64, 1, 4, 'Polo rayé Old Navy', '420.cstj.qc.ca/gabrielpichecloutier/images_mova/hauts/ChandailPropre.jpg', 23, 1, 0),
(65, 1, 4, 'Chandail Titanfall', '420.cstj.qc.ca/gabrielpichecloutier/images_mova/hauts/ChandailTitanfall.jpg', 12, 1, 0),
(66, 1, 2, 'Chandail Trop lavé', '420.cstj.qc.ca/gabrielpichecloutier/images_mova/hauts/ChandailTropLave.jpg', 60, 1, 0),
(67, 1, 10, 'Chemise de chasse', '420.cstj.qc.ca/gabrielpichecloutier/images_mova/hauts/ChemiseDeChasse.jpg', 50, 1, 0),
(68, 1, 2, 'Chemise propre', '420.cstj.qc.ca/gabrielpichecloutier/images_mova/hauts/ChemisePropre.jpg', 70, 1, 0),
(69, 1, 16, 'Manteau année 70', '420.cstj.qc.ca/gabrielpichecloutier/images_mova/hauts/ManteauAnnee70.jpg', 100, 1, 0),
(70, 1, 4, 'Manteau de moto', '420.cstj.qc.ca/gabrielpichecloutier/images_mova/hauts/ManteauDeMoto.jpg', 0, 1, 0),
(71, 1, 4, 'Manteau du tueur', '420.cstj.qc.ca/gabrielpichecloutier/images_mova/hauts/ManteauDuTueur.jpg', 69, 1, 0),
(72, 1, 7, 'Manteau Ezio', '420.cstj.qc.ca/gabrielpichecloutier/images_mova/hauts/ManteauEzio.jpg', 110, 1, 0),
(73, 1, 4, 'Manteau du demon', '420.cstj.qc.ca/gabrielpichecloutier/images_mova/hauts/ManteauHeavyMetal.gif', 200, 1, 0),
(74, 1, 7, 'Under armour workout', '420.cstj.qc.ca/gabrielpichecloutier/images_mova/hauts/UnderArmorTightFit.jpg', 44, 1, 0),
(75, 1, 6, 'Veste Gameboy', '420.cstj.qc.ca/gabrielpichecloutier/images_mova/hauts/VesteGameboy.jpg', 77, 1, 0),
(76, 1, 13, 'Veste Halo', '420.cstj.qc.ca/gabrielpichecloutier/images_mova/hauts/VesteHalo.jpg', 55, 1, 0),
(77, 1, 6, 'Nike runner hoodie', '420.cstj.qc.ca/gabrielpichecloutier/images_mova/hauts/VesteNike.jpg', 69, 1, 0),
(78, 1, 4, 'Razer hoodie', '420.cstj.qc.ca/gabrielpichecloutier/images_mova/hauts/VesteRazer.jpg', 69, 1, 0),
(79, 1, 11, 'Veston de travail', '420.cstj.qc.ca/gabrielpichecloutier/images_mova/hauts/VestonDeTravail.jpg', 110, 1, 0),
(82, 3, 1, 'Nike Bowser', '420.cstj.qc.ca/gabrielpichecloutier/images_mova/hauts/ChaussuresBowser.jpg', 59, 1, 0),
(83, 3, 4, 'Monster platforms', '420.cstj.qc.ca/gabrielpichecloutier/images_mova/chaussures/ChaussuresPlatforme.jpg', 49, 1, 0),
(84, 3, 10, 'Soulier à Emmanuel', '420.cstj.qc.ca/gabrielpichecloutier/images_mova/chaussures/ChaussuresPropre2.jpg', 100, 1, 0),
(85, 3, 10, 'Grosses bottes', '420.cstj.qc.ca/gabrielpichecloutier/images_mova/chaussures/GrosseBottes.jpg', 89, 1, 0),
(86, 3, 14, 'Osiris Black and Gold', '420.cstj.qc.ca/gabrielpichecloutier/images_mova/chaussures/OsirisOrEtNoir.jpg', 94, 1, 0),
(87, 3, 4, 'Indoor soccer shoes', '420.cstj.qc.ca/gabrielpichecloutier/images_mova/chaussures/ChaussuresDeSoccerInterieur.jpg', 56, 1, 0),
(88, 3, 5, 'Air Jordan 5', '420.cstj.qc.ca/gabrielpichecloutier/images_mova/chaussures/SoulierAirJordan5.jpg', 210, 1, 0),
(89, 3, 4, 'Chaussures à David', '420.cstj.qc.ca/gabrielpichecloutier/images_mova/chaussures/ChaussuresPropre.jpg', 79, 1, 0),
(90, 3, 1, 'Puma Originals', '420.cstj.qc.ca/gabrielpichecloutier/images_mova/chaussures/ChaussuresPuma.jpg', 45, 1, 0),
(91, 3, 8, 'Nike zelda', '420.cstj.qc.ca/gabrielpichecloutier/images_mova/chaussures/ChaussuresZelda.jpg', 65, 1, 0),
(92, 3, 3, 'Nike free run 6.0', '420.cstj.qc.ca/gabrielpichecloutier/images_mova/chaussures/ChaussuresDeCourse.jpg', 99, 1, 0),
(93, 1, 6, 'Big Boss', '420.cstj.qc.ca/images_mova/hauts/VestonPropre.jpg', 215, 1, 0);

-- --------------------------------------------------------

--
-- Structure de la table `vetementstemperatures`
--

CREATE TABLE IF NOT EXISTS `vetementstemperatures` (
  `idVetementTemperature` int(11) NOT NULL AUTO_INCREMENT,
  `idVetement` int(11) NOT NULL,
  `idTemperature` int(11) NOT NULL,
  PRIMARY KEY (`idVetementTemperature`),
  KEY `VetementsTemperatures_Vetements_FK` (`idVetement`),
  KEY `VetementsTemperatures_idTemperature_FK` (`idTemperature`)
) ENGINE=InnoDB  DEFAULT CHARSET=latin1 AUTO_INCREMENT=434 ;

--
-- Contenu de la table `vetementstemperatures`
--

INSERT INTO `vetementstemperatures` (`idVetementTemperature`, `idVetement`, `idTemperature`) VALUES
(1, 1, 3),
(2, 1, 4),
(3, 1, 5),
(4, 1, 6),
(5, 1, 1),
(6, 2, 2),
(7, 3, 3),
(8, 3, 4),
(9, 3, 1),
(10, 4, 3),
(11, 4, 4),
(12, 4, 1),
(13, 4, 6),
(14, 4, 5),
(15, 5, 4),
(16, 5, 1),
(17, 5, 6),
(18, 5, 5),
(19, 6, 4),
(20, 6, 1),
(21, 6, 2),
(22, 7, 3),
(23, 7, 4),
(24, 7, 1),
(25, 7, 6),
(26, 7, 5),
(27, 7, 2),
(28, 8, 3),
(29, 8, 4),
(30, 8, 1),
(31, 8, 6),
(32, 8, 5),
(33, 8, 2),
(34, 9, 3),
(35, 9, 4),
(36, 9, 1),
(37, 9, 6),
(38, 9, 5),
(39, 9, 2),
(40, 10, 4),
(41, 10, 1),
(42, 10, 2),
(43, 11, 3),
(44, 11, 4),
(45, 11, 1),
(46, 11, 2),
(47, 12, 4),
(48, 12, 1),
(49, 12, 2),
(50, 13, 3),
(51, 13, 4),
(52, 13, 1),
(53, 13, 5),
(54, 13, 2),
(55, 14, 3),
(56, 14, 4),
(57, 14, 1),
(58, 14, 6),
(59, 14, 5),
(60, 15, 3),
(61, 15, 4),
(62, 15, 1),
(63, 15, 6),
(64, 15, 5),
(65, 16, 2),
(66, 17, 3),
(67, 17, 4),
(68, 17, 1),
(69, 17, 6),
(70, 17, 5),
(71, 18, 3),
(72, 18, 4),
(73, 18, 1),
(74, 18, 6),
(75, 18, 5),
(76, 20, 1),
(77, 20, 2),
(78, 20, 1),
(79, 20, 2),
(80, 21, 2),
(81, 22, 4),
(82, 22, 1),
(83, 22, 5),
(84, 22, 2),
(85, 23, 1),
(86, 23, 2),
(87, 25, 3),
(88, 25, 4),
(89, 25, 1),
(90, 25, 2),
(91, 26, 3),
(92, 26, 4),
(93, 26, 1),
(94, 26, 6),
(95, 26, 5),
(96, 26, 2),
(97, 27, 3),
(98, 27, 4),
(99, 27, 1),
(100, 27, 6),
(101, 27, 5),
(102, 27, 2),
(103, 28, 3),
(104, 28, 4),
(105, 28, 1),
(106, 28, 6),
(107, 28, 5),
(108, 28, 2),
(109, 29, 3),
(110, 29, 4),
(111, 29, 1),
(112, 29, 6),
(113, 29, 5),
(114, 29, 2),
(115, 30, 3),
(116, 30, 4),
(117, 30, 1),
(118, 30, 6),
(119, 30, 5),
(120, 30, 2),
(121, 31, 3),
(122, 31, 4),
(123, 31, 1),
(124, 31, 6),
(125, 31, 5),
(126, 31, 2),
(127, 32, 3),
(128, 32, 4),
(129, 32, 1),
(130, 32, 6),
(131, 32, 5),
(132, 32, 2),
(133, 33, 3),
(134, 33, 4),
(135, 33, 1),
(136, 33, 6),
(137, 33, 5),
(138, 33, 2),
(139, 34, 3),
(140, 34, 4),
(141, 34, 1),
(142, 34, 6),
(143, 34, 5),
(144, 34, 2),
(145, 35, 3),
(146, 35, 4),
(147, 35, 1),
(148, 35, 6),
(149, 35, 5),
(150, 35, 2),
(151, 36, 3),
(152, 36, 4),
(153, 36, 1),
(154, 36, 6),
(155, 36, 5),
(156, 36, 2),
(157, 37, 3),
(158, 37, 4),
(159, 37, 1),
(160, 37, 6),
(161, 37, 5),
(162, 37, 2),
(163, 38, 3),
(164, 38, 4),
(165, 38, 1),
(166, 38, 6),
(167, 38, 5),
(168, 38, 2),
(169, 39, 3),
(170, 39, 4),
(171, 39, 1),
(172, 39, 6),
(173, 39, 5),
(174, 39, 2),
(175, 40, 3),
(176, 40, 4),
(177, 40, 1),
(178, 40, 5),
(179, 40, 2),
(180, 41, 3),
(181, 41, 4),
(182, 41, 1),
(183, 41, 5),
(184, 41, 2),
(185, 42, 3),
(186, 42, 4),
(187, 42, 1),
(188, 42, 5),
(189, 42, 2),
(190, 42, 6),
(191, 43, 3),
(192, 43, 4),
(193, 43, 1),
(194, 43, 5),
(195, 43, 2),
(196, 43, 6),
(197, 44, 3),
(198, 44, 4),
(199, 44, 1),
(200, 44, 5),
(201, 44, 2),
(202, 44, 6),
(203, 45, 3),
(204, 45, 4),
(205, 45, 1),
(206, 45, 5),
(207, 45, 2),
(208, 45, 6),
(209, 47, 3),
(210, 47, 4),
(211, 47, 1),
(212, 47, 2),
(213, 48, 3),
(214, 48, 4),
(215, 48, 1),
(216, 48, 2),
(217, 49, 3),
(218, 49, 4),
(219, 49, 1),
(220, 49, 2),
(221, 50, 3),
(222, 50, 4),
(223, 50, 1),
(224, 50, 2),
(225, 51, 3),
(226, 51, 4),
(227, 51, 1),
(228, 51, 2),
(229, 51, 5),
(230, 51, 6),
(231, 52, 3),
(232, 52, 4),
(233, 52, 1),
(234, 52, 2),
(235, 52, 5),
(236, 53, 3),
(237, 53, 4),
(238, 53, 1),
(239, 53, 2),
(240, 53, 5),
(241, 55, 3),
(242, 55, 4),
(243, 55, 1),
(244, 55, 2),
(245, 56, 3),
(246, 56, 4),
(247, 56, 1),
(248, 56, 2),
(249, 57, 3),
(250, 57, 4),
(251, 57, 1),
(252, 57, 2),
(253, 57, 5),
(254, 58, 3),
(255, 58, 4),
(256, 58, 1),
(257, 58, 2),
(258, 58, 5),
(259, 59, 2),
(260, 59, 6),
(261, 59, 4),
(262, 59, 3),
(263, 60, 4),
(264, 60, 3),
(265, 60, 1),
(266, 60, 2),
(267, 61, 4),
(268, 61, 3),
(269, 61, 1),
(270, 61, 2),
(271, 62, 2),
(272, 62, 1),
(273, 62, 3),
(274, 62, 4),
(275, 63, 2),
(276, 63, 1),
(277, 63, 3),
(278, 63, 4),
(279, 64, 4),
(280, 64, 3),
(281, 64, 1),
(282, 64, 2),
(283, 65, 2),
(284, 65, 1),
(285, 65, 4),
(286, 65, 3),
(287, 66, 2),
(288, 66, 5),
(289, 66, 1),
(290, 66, 6),
(291, 66, 3),
(292, 66, 4),
(293, 67, 2),
(294, 67, 5),
(295, 67, 6),
(296, 67, 1),
(297, 67, 3),
(298, 67, 4),
(299, 68, 2),
(300, 68, 5),
(301, 68, 6),
(302, 68, 1),
(303, 68, 3),
(304, 68, 4),
(305, 69, 2),
(306, 69, 5),
(307, 69, 6),
(308, 69, 1),
(309, 69, 3),
(310, 69, 4),
(311, 70, 2),
(312, 70, 5),
(313, 70, 6),
(314, 70, 1),
(315, 70, 3),
(316, 70, 4),
(317, 71, 2),
(318, 71, 5),
(319, 71, 6),
(320, 71, 1),
(321, 71, 3),
(322, 71, 4),
(323, 72, 2),
(324, 72, 5),
(325, 72, 6),
(326, 72, 1),
(327, 72, 3),
(328, 72, 4),
(329, 73, 2),
(330, 73, 5),
(331, 73, 6),
(332, 73, 1),
(333, 73, 3),
(334, 73, 4),
(335, 74, 4),
(336, 74, 3),
(337, 74, 1),
(338, 74, 2),
(339, 75, 2),
(340, 75, 5),
(341, 75, 6),
(342, 75, 1),
(343, 75, 3),
(344, 75, 4),
(345, 76, 2),
(346, 76, 5),
(347, 76, 6),
(348, 76, 1),
(349, 76, 3),
(350, 76, 4),
(351, 77, 2),
(352, 77, 5),
(353, 77, 6),
(354, 77, 1),
(355, 77, 3),
(356, 77, 4),
(357, 78, 2),
(358, 78, 5),
(359, 78, 6),
(360, 78, 1),
(361, 78, 3),
(362, 78, 4),
(363, 79, 2),
(364, 79, 5),
(365, 79, 6),
(366, 79, 1),
(367, 79, 3),
(368, 79, 4),
(375, 82, 2),
(376, 82, 5),
(377, 82, 6),
(378, 82, 1),
(379, 82, 3),
(380, 82, 4),
(381, 83, 2),
(382, 83, 5),
(383, 83, 6),
(384, 83, 1),
(385, 83, 3),
(386, 83, 4),
(387, 84, 4),
(388, 84, 1),
(389, 84, 2),
(390, 84, 3),
(391, 85, 6),
(392, 85, 5),
(393, 85, 3),
(394, 86, 2),
(395, 86, 5),
(396, 86, 6),
(397, 86, 1),
(398, 86, 3),
(399, 86, 4),
(400, 87, 4),
(401, 87, 1),
(402, 87, 2),
(403, 88, 2),
(404, 88, 5),
(405, 88, 6),
(406, 88, 1),
(407, 88, 3),
(408, 88, 4),
(409, 89, 4),
(410, 89, 1),
(411, 89, 2),
(412, 90, 2),
(413, 90, 5),
(414, 90, 6),
(415, 90, 1),
(416, 90, 3),
(417, 90, 4),
(418, 91, 2),
(419, 91, 5),
(420, 91, 6),
(421, 91, 1),
(422, 91, 3),
(423, 91, 4),
(424, 92, 1),
(425, 92, 3),
(426, 92, 4),
(427, 92, 2),
(428, 93, 2),
(429, 93, 5),
(430, 93, 6),
(431, 93, 1),
(432, 93, 3),
(433, 93, 4);

--
-- Contraintes pour les tables exportées
--

--
-- Contraintes pour la table `activitesmoments`
--
ALTER TABLE `activitesmoments`
  ADD CONSTRAINT `ActivitesMoments_Activites_FK` FOREIGN KEY (`idActivite`) REFERENCES `activites` (`idActivite`),
  ADD CONSTRAINT `ActivitiesMoments_Moments_FK` FOREIGN KEY (`idMoment`) REFERENCES `moments` (`idMoment`);

--
-- Contraintes pour la table `activitesvetements`
--
ALTER TABLE `activitesvetements`
  ADD CONSTRAINT `ActivitesVetements_Activities_FK` FOREIGN KEY (`idActivite`) REFERENCES `activites` (`idActivite`),
  ADD CONSTRAINT `ActivitesVetements_Vetements_FK` FOREIGN KEY (`idVetement`) REFERENCES `vetements` (`idVetement`);

--
-- Contraintes pour la table `ensemblesvetements`
--
ALTER TABLE `ensemblesvetements`
  ADD CONSTRAINT `EnsemblesVetements_Vetements_FK` FOREIGN KEY (`idVetement`) REFERENCES `vetements` (`idVetement`),
  ADD CONSTRAINT `EnsemblesVetements_Ensembles_FK` FOREIGN KEY (`idEnsemble`) REFERENCES `ensembles` (`idEnsemble`);

--
-- Contraintes pour la table `stylesvetements`
--
ALTER TABLE `stylesvetements`
  ADD CONSTRAINT `StylesVetements_Vetements_FK` FOREIGN KEY (`idVetement`) REFERENCES `vetements` (`idVetement`),
  ADD CONSTRAINT `StylesVetements_Styles_FK` FOREIGN KEY (`idStyle`) REFERENCES `styles` (`idStyle`);

--
-- Contraintes pour la table `utilisateursensembles`
--
ALTER TABLE `utilisateursensembles`
  ADD CONSTRAINT `UtilisateursEnsembles_Ensembles_FK` FOREIGN KEY (`idEnsemble`) REFERENCES `ensembles` (`idEnsemble`),
  ADD CONSTRAINT `UtilisateursEnsembles_Utilisateurs_FK` FOREIGN KEY (`idUtilisateur`) REFERENCES `utilisateurs` (`idUtilisateur`);

--
-- Contraintes pour la table `utilisateursvetements`
--
ALTER TABLE `utilisateursvetements`
  ADD CONSTRAINT `UtilisateursVetements_Vetements_FK` FOREIGN KEY (`idVetement`) REFERENCES `vetements` (`idVetement`),
  ADD CONSTRAINT `UtilisateursVetements_Utilisateurs_FK` FOREIGN KEY (`idUtilisateur`) REFERENCES `utilisateurs` (`idUtilisateur`);

--
-- Contraintes pour la table `vetements`
--
ALTER TABLE `vetements`
  ADD CONSTRAINT `Vetements_Couleurs_FK` FOREIGN KEY (`idCouleur`) REFERENCES `couleurs` (`idCouleur`),
  ADD CONSTRAINT `Vetements_TypesVetements_FK` FOREIGN KEY (`idTypeVetement`) REFERENCES `typesvetements` (`idTypeVetement`);

--
-- Contraintes pour la table `vetementstemperatures`
--
ALTER TABLE `vetementstemperatures`
  ADD CONSTRAINT `VetementsTemperatures_idTemperature_FK` FOREIGN KEY (`idTemperature`) REFERENCES `temperatures` (`idTemperature`),
  ADD CONSTRAINT `VetementsTemperatures_Vetements_FK` FOREIGN KEY (`idVetement`) REFERENCES `vetements` (`idVetement`);
